Ticket ID,Created Date,Category,Priority,Department,Assigned Agent,Status,Resolution Time (Hours),SLA Status,Customer Satisfaction
INC14877,01-01-2025,Security,Low,IT,Agent 03,Resolved,79,Breached,5
INC10846,01-01-2025,Network,Medium,IT,Agent 07,Reopened,19.5,Met,4
INC11485,01-01-2025,Hardware,High,Sales,Agent 11,Resolved,3.2,Met,5
INC10558,01-01-2025,Software,High,IT,Agent 15,Resolved,26.6,Breached,4
INC11536,01-01-2025,Software,High,Sales,Agent 12,Resolved,14.6,Breached,1
INC10734,01-01-2025,Network,Medium,Sales,Agent 11,Resolved,8.7,Met,4
INC14917,01-01-2025,Hardware,Medium,IT,Agent 03,Resolved,12.5,Met,3
INC10475,01-01-2025,Software,Low,Sales,Agent 10,Resolved,34.4,Met,4
INC12624,01-01-2025,Access,Medium,IT,Agent 06,Resolved,2.7,Met,4
INC13827,01-01-2025,Email,Low,Finance,Agent 10,Resolved,21.5,Met,4
INC12400,01-01-2025,Email,Medium,Operations,Agent 02,Resolved,14.4,Met,5
INC12267,01-01-2025,Email,Critical,IT,Agent 13,Resolved,2.1,Met,4
INC10055,02-01-2025,Email,Low,Marketing,Agent 18,Resolved,23.2,Met,1
INC11352,02-01-2025,Software,Low,Sales,Agent 02,Resolved,32.4,Met,5
INC11608,02-01-2025,Hardware,High,Operations,Agent 14,Resolved,12.9,Breached,5
INC10192,02-01-2025,Network,Medium,IT,Agent 05,Resolved,54.7,Breached,5
INC11438,02-01-2025,Network,Medium,IT,Agent 16,Resolved,7.5,Met,5
INC10153,02-01-2025,Security,Medium,HR,Agent 18,Reopened,7.2,Met,5
INC12759,03-01-2025,Email,Medium,Operations,Agent 18,Resolved,26.5,Breached,4
INC11122,03-01-2025,Security,Medium,HR,Agent 01,Resolved,14.6,Met,4
INC13448,03-01-2025,Hardware,Medium,Finance,Agent 03,Resolved,6.6,Met,4
INC11571,03-01-2025,Database,High,IT,Agent 01,Resolved,5.6,Met,5
INC14066,04-01-2025,Hardware,Medium,IT,Agent 07,Reopened,13,Met,5
INC10974,04-01-2025,Software,Medium,Operations,Agent 03,Resolved,26.4,Breached,4
INC13001,04-01-2025,Network,Medium,HR,Agent 19,Resolved,13.6,Met,4
INC13955,05-01-2025,Email,High,Sales,Agent 17,Resolved,4.5,Met,5
INC14005,05-01-2025,Access,High,HR,Agent 04,Resolved,16.1,Breached,5
INC10306,05-01-2025,Security,High,Sales,Agent 14,Resolved,26.2,Breached,5
INC13908,05-01-2025,Access,Critical,Marketing,Agent 07,Resolved,6.4,Breached,4
INC10531,05-01-2025,Access,Medium,Finance,Agent 15,Reopened,24.6,Breached,4
INC10764,05-01-2025,Email,High,Operations,Agent 01,Resolved,3.6,Met,5
INC14075,06-01-2025,Access,Medium,Marketing,Agent 02,Resolved,61.6,Breached,3
INC14068,06-01-2025,Hardware,High,IT,Agent 01,Resolved,10.9,Met,4
INC10713,06-01-2025,Access,Medium,HR,Agent 16,Resolved,1.8,Met,4
INC14001,06-01-2025,Network,Medium,Customer Service,Agent 06,Resolved,19.8,Met,2
INC13863,06-01-2025,Database,Medium,Marketing,Agent 03,Resolved,34.6,Breached,5
INC13772,06-01-2025,Software,High,Sales,Agent 11,Resolved,11.7,Met,5
INC13402,07-01-2025,Hardware,Medium,HR,Agent 12,Resolved,13,Met,2
INC11755,07-01-2025,Security,High,Sales,Agent 07,Resolved,13,Breached,5
INC12479,07-01-2025,Email,Medium,Sales,Agent 04,Resolved,23.3,Met,2
INC11378,07-01-2025,Network,Medium,Finance,Agent 11,Resolved,19.6,Met,4
INC10937,07-01-2025,Security,Critical,Marketing,Agent 15,Resolved,4.1,Breached,4
INC14415,07-01-2025,Access,High,Customer Service,Agent 07,Resolved,2.2,Met,5
INC12186,08-01-2025,Security,High,Sales,Agent 06,Resolved,8.1,Met,3
INC10512,08-01-2025,Hardware,Medium,HR,Agent 06,Resolved,46.9,Breached,5
INC12917,08-01-2025,Hardware,High,HR,Agent 03,Resolved,9.3,Met,5
INC11880,08-01-2025,Access,High,HR,Agent 12,Resolved,18.6,Breached,3
INC13633,08-01-2025,Email,Medium,Operations,Agent 09,Resolved,20.3,Met,5
INC12341,08-01-2025,Software,High,Sales,Agent 08,Resolved,20.6,Breached,5
INC13985,08-01-2025,Network,Medium,Customer Service,Agent 05,Resolved,2.9,Met,4
INC10198,09-01-2025,Hardware,Low,Customer Service,Agent 17,Resolved,93.3,Breached,5
INC14195,09-01-2025,Security,Critical,Marketing,Agent 07,Resolved,5.9,Breached,4
INC10433,09-01-2025,Security,Medium,IT,Agent 03,Resolved,30.6,Breached,3
INC14584,09-01-2025,Software,Medium,Sales,Agent 11,Resolved,11.2,Met,4
INC11998,10-01-2025,Security,High,Marketing,Agent 17,Resolved,13.7,Breached,5
INC11868,10-01-2025,Software,Medium,Marketing,Agent 13,Resolved,8.9,Met,1
INC12941,10-01-2025,Network,High,Marketing,Agent 07,Resolved,6.8,Met,2
INC13049,10-01-2025,Email,Medium,HR,Agent 19,Resolved,22.9,Met,4
INC13905,10-01-2025,Database,Medium,Finance,Agent 06,Resolved,7.5,Met,3
INC10528,10-01-2025,Hardware,Low,Marketing,Agent 08,Resolved,53.3,Breached,5
INC13366,11-01-2025,Network,High,HR,Agent 07,Resolved,19.8,Breached,4
INC11338,11-01-2025,Email,Critical,Sales,Agent 07,Resolved,2.3,Met,4
INC13698,11-01-2025,Email,Medium,HR,Agent 20,Resolved,8.6,Met,4
INC10818,11-01-2025,Email,Low,Marketing,Agent 19,Resolved,32.1,Met,5
INC12009,12-01-2025,Software,Low,Marketing,Agent 11,Resolved,8.9,Met,4
INC11578,12-01-2025,Email,Medium,Operations,Agent 03,Resolved,15.9,Met,2
INC12698,12-01-2025,Database,Medium,Sales,Agent 14,Resolved,22.7,Met,5
INC14272,12-01-2025,Software,Critical,IT,Agent 08,Resolved,3.1,Met,2
INC13128,12-01-2025,Database,Medium,Operations,Agent 01,Resolved,10.9,Met,3
INC11389,12-01-2025,Database,Medium,Sales,Agent 18,Resolved,36.8,Breached,4
INC11706,12-01-2025,Security,Medium,Finance,Agent 03,Resolved,18,Met,4
INC14600,12-01-2025,Network,Critical,Operations,Agent 13,Resolved,8.2,Breached,5
INC11746,12-01-2025,Software,High,Operations,Agent 02,Reopened,5.5,Met,4
INC11048,12-01-2025,Hardware,High,IT,Agent 16,Resolved,20.2,Breached,4
INC14150,12-01-2025,Hardware,Medium,Sales,Agent 02,Resolved,15,Met,4
INC11782,12-01-2025,Access,High,IT,Agent 11,Resolved,1.9,Met,4
INC12004,13-01-2025,Database,Medium,IT,Agent 10,Resolved,11.1,Met,1
INC13685,13-01-2025,Access,Medium,Operations,Agent 12,Resolved,9.3,Met,4
INC14809,13-01-2025,Hardware,Medium,Finance,Agent 14,Resolved,27.5,Breached,5
INC10743,13-01-2025,Hardware,Medium,Customer Service,Agent 18,Resolved,26.6,Breached,5
INC12745,13-01-2025,Software,Low,Finance,Agent 19,Resolved,7.9,Met,4
INC13629,13-01-2025,Hardware,Medium,Finance,Agent 18,Resolved,22.8,Met,4
INC14014,13-01-2025,Hardware,High,IT,Agent 20,Resolved,19,Breached,5
INC13810,13-01-2025,Database,Medium,Sales,Agent 18,Resolved,13.9,Met,1
INC14649,14-01-2025,Access,Medium,Sales,Agent 14,Resolved,21.9,Met,4
INC11388,14-01-2025,Hardware,Critical,Sales,Agent 18,Resolved,13.8,Breached,2
INC11444,14-01-2025,Software,Low,Customer Service,Agent 13,Resolved,34.1,Met,4
INC12011,14-01-2025,Hardware,Medium,Sales,Agent 13,Resolved,23.6,Met,3
INC13594,14-01-2025,Email,High,HR,Agent 11,Resolved,17.9,Breached,5
INC10042,14-01-2025,Network,Low,Marketing,Agent 16,Resolved,18.9,Met,5
INC10788,15-01-2025,Software,Medium,Marketing,Agent 11,Resolved,1.7,Met,4
INC10666,15-01-2025,Access,High,HR,Agent 13,Resolved,5.8,Met,5
INC10076,15-01-2025,Email,High,IT,Agent 02,Resolved,9.5,Met,3
INC10107,15-01-2025,Access,High,Sales,Agent 06,Resolved,10.7,Met,5
INC10806,15-01-2025,Database,Medium,Finance,Agent 08,Resolved,24.7,Breached,5
INC14588,15-01-2025,Software,Medium,Finance,Agent 13,Resolved,8.1,Met,4
INC14759,15-01-2025,Software,Low,Customer Service,Agent 12,Resolved,47.3,Met,5
INC14221,16-01-2025,Email,Medium,Customer Service,Agent 09,Resolved,10.3,Met,4
INC11096,16-01-2025,Network,High,Marketing,Agent 07,Resolved,9,Met,2
INC12323,16-01-2025,Hardware,High,Marketing,Agent 07,Resolved,2.2,Met,4
INC10357,16-01-2025,Software,Medium,Marketing,Agent 15,Resolved,8.7,Met,3
INC11064,16-01-2025,Database,Low,Marketing,Agent 07,Resolved,41.6,Met,2
INC14152,17-01-2025,Network,High,Customer Service,Agent 07,Resolved,14.9,Breached,4
INC10247,17-01-2025,Software,Low,HR,Agent 14,Resolved,21.8,Met,5
INC13396,17-01-2025,Hardware,Medium,Marketing,Agent 02,Resolved,22.8,Met,4
INC11028,17-01-2025,Network,Low,Finance,Agent 13,Resolved,39.6,Met,4
INC11860,17-01-2025,Software,High,Operations,Agent 01,Resolved,1.9,Met,4
INC12785,17-01-2025,Database,Medium,Sales,Agent 05,Resolved,51.7,Breached,3
INC13164,17-01-2025,Software,High,Finance,Agent 08,Resolved,11.7,Met,4
INC11045,17-01-2025,Software,Medium,Customer Service,Agent 20,Resolved,30.4,Breached,2
INC11234,17-01-2025,Email,Medium,IT,Agent 16,Resolved,46.8,Breached,5
INC13357,18-01-2025,Software,High,Customer Service,Agent 14,Resolved,14.4,Breached,4
INC10897,18-01-2025,Email,Medium,Operations,Agent 16,Resolved,8.1,Met,2
INC10270,18-01-2025,Email,High,Marketing,Agent 17,Resolved,10.4,Met,1
INC13744,18-01-2025,Access,Medium,Sales,Agent 15,Resolved,22.8,Met,2
INC14989,18-01-2025,Database,Low,IT,Agent 11,Reopened,35.9,Met,4
INC13582,19-01-2025,Network,Critical,HR,Agent 01,Resolved,0.9,Met,5
INC11976,19-01-2025,Access,High,Operations,Agent 10,Resolved,4.5,Met,5
INC12055,19-01-2025,Hardware,Low,Sales,Agent 02,Resolved,32.1,Met,5
INC12402,19-01-2025,Security,Low,Customer Service,Agent 01,Resolved,6.8,Met,2
INC13380,19-01-2025,Security,Medium,Operations,Agent 06,Resolved,47.2,Breached,4
INC14017,19-01-2025,Network,High,Sales,Agent 10,Resolved,2.3,Met,5
INC12903,19-01-2025,Software,Medium,Customer Service,Agent 20,Resolved,23.6,Met,3
INC10896,19-01-2025,Software,High,IT,Agent 13,Resolved,8,Met,4
INC14508,19-01-2025,Database,Medium,Sales,Agent 19,Resolved,22.8,Met,4
INC13143,19-01-2025,Email,High,Customer Service,Agent 05,Resolved,8,Met,1
INC11483,20-01-2025,Access,High,HR,Agent 04,Resolved,17.7,Breached,4
INC12015,20-01-2025,Email,Low,Sales,Agent 15,Resolved,21.6,Met,5
INC14381,20-01-2025,Hardware,Medium,Finance,Agent 10,Resolved,26.1,Breached,5
INC12032,20-01-2025,Network,Medium,Marketing,Agent 05,Resolved,33.3,Breached,3
INC10287,20-01-2025,Hardware,Medium,Finance,Agent 18,Resolved,41.4,Breached,5
INC12022,20-01-2025,Access,Low,Sales,Agent 07,Resolved,14.6,Met,5
INC10037,21-01-2025,Email,Low,Sales,Agent 02,Resolved,26.7,Met,3
INC14748,21-01-2025,Network,Critical,IT,Agent 03,Resolved,1.2,Met,4
INC11856,21-01-2025,Access,Low,Operations,Agent 06,Resolved,8.7,Met,5
INC13310,21-01-2025,Software,High,Sales,Agent 20,Reopened,1.9,Met,5
INC12125,21-01-2025,Network,Low,Operations,Agent 09,Resolved,8.9,Met,5
INC11431,21-01-2025,Network,Low,Operations,Agent 17,Resolved,33.1,Met,5
INC10006,21-01-2025,Software,Low,Sales,Agent 10,Resolved,17.3,Met,1
INC12603,22-01-2025,Software,High,Marketing,Agent 18,Resolved,3.8,Met,5
INC14300,22-01-2025,Access,Low,Customer Service,Agent 01,Resolved,40.3,Met,5
INC10026,22-01-2025,Hardware,Medium,Sales,Agent 02,Resolved,8.5,Met,5
INC13983,22-01-2025,Software,Medium,HR,Agent 18,Resolved,45.4,Breached,4
INC11287,22-01-2025,Access,Medium,Customer Service,Agent 03,Resolved,49.4,Breached,4
INC13116,22-01-2025,Network,Medium,Customer Service,Agent 04,Resolved,10.9,Met,3
INC12148,22-01-2025,Email,High,Marketing,Agent 18,Resolved,6.2,Met,3
INC14939,22-01-2025,Hardware,Low,Marketing,Agent 08,Resolved,43,Met,3
INC13038,22-01-2025,Access,Medium,Finance,Agent 19,Resolved,11.8,Met,5
INC14536,22-01-2025,Access,High,Sales,Agent 16,Resolved,9.8,Met,4
INC12691,22-01-2025,Security,Medium,Operations,Agent 01,Resolved,26.7,Breached,4
INC11258,22-01-2025,Access,Low,Finance,Agent 17,Resolved,66.4,Breached,4
INC10821,23-01-2025,Software,Medium,Sales,Agent 02,Resolved,50.9,Breached,5
INC10349,23-01-2025,Database,Medium,HR,Agent 07,Resolved,10.5,Met,5
INC12472,23-01-2025,Email,High,Customer Service,Agent 02,Resolved,34.4,Breached,5
INC10776,23-01-2025,Access,High,Customer Service,Agent 01,Resolved,8.6,Met,5
INC10551,23-01-2025,Hardware,High,Sales,Agent 12,Resolved,4.4,Met,5
INC12678,23-01-2025,Network,Low,Sales,Agent 17,Resolved,10.5,Met,5
INC11977,23-01-2025,Network,Low,Customer Service,Agent 14,Resolved,22.8,Met,4
INC12725,23-01-2025,Software,Critical,Sales,Agent 14,Resolved,5.3,Breached,5
INC11411,24-01-2025,Hardware,Medium,Sales,Agent 12,Resolved,5.6,Met,5
INC14737,25-01-2025,Software,Low,Operations,Agent 19,Resolved,79.4,Breached,2
INC11775,25-01-2025,Security,High,Operations,Agent 10,Resolved,10.7,Met,4
INC14117,25-01-2025,Email,Low,Finance,Agent 16,Resolved,4,Met,4
INC10418,25-01-2025,Hardware,Medium,Marketing,Agent 01,Resolved,33.5,Breached,1
INC14609,25-01-2025,Access,Medium,Sales,Agent 12,Resolved,10.5,Met,5
INC13416,25-01-2025,Database,Medium,Customer Service,Agent 19,Resolved,39.8,Breached,5
INC14112,25-01-2025,Software,Medium,HR,Agent 15,Resolved,18.2,Met,2
INC10866,25-01-2025,Access,High,Finance,Agent 08,Resolved,11.2,Met,5
INC13216,25-01-2025,Software,High,Sales,Agent 13,Resolved,2.1,Met,2
INC11032,25-01-2025,Access,Medium,Customer Service,Agent 12,Resolved,14.6,Met,4
INC12848,25-01-2025,Security,Low,IT,Agent 04,Resolved,69.4,Breached,4
INC14542,25-01-2025,Software,High,Customer Service,Agent 18,Resolved,9.1,Met,5
INC10680,25-01-2025,Hardware,Low,IT,Agent 14,Resolved,48.8,Breached,1
INC14004,26-01-2025,Software,Medium,Sales,Agent 17,Resolved,7.5,Met,2
INC12350,26-01-2025,Access,Low,IT,Agent 13,Resolved,37.4,Met,4
INC12172,26-01-2025,Hardware,Low,Sales,Agent 09,Reopened,79.9,Breached,5
INC10645,26-01-2025,Access,Medium,Operations,Agent 18,Resolved,8.7,Met,5
INC11633,26-01-2025,Access,Low,HR,Agent 19,Resolved,48.2,Breached,5
INC14908,27-01-2025,Access,Low,IT,Agent 15,Resolved,26,Met,4
INC10989,27-01-2025,Software,Medium,Sales,Agent 04,Resolved,20.8,Met,4
INC10237,27-01-2025,Network,Medium,Marketing,Agent 17,Resolved,50.1,Breached,5
INC11311,27-01-2025,Network,Medium,Operations,Agent 16,Resolved,14,Met,5
INC13547,27-01-2025,Database,High,IT,Agent 18,Resolved,9.8,Met,5
INC12665,27-01-2025,Access,Medium,Operations,Agent 10,Resolved,0.6,Met,3
INC11450,28-01-2025,Access,Low,IT,Agent 19,Resolved,21.6,Met,4
INC10121,28-01-2025,Network,Low,Marketing,Agent 20,Resolved,16.8,Met,5
INC14710,28-01-2025,Software,Medium,Customer Service,Agent 10,Resolved,25.5,Breached,5
INC13866,28-01-2025,Email,Medium,Finance,Agent 11,Resolved,38.4,Breached,4
INC10653,28-01-2025,Software,Critical,Customer Service,Agent 08,Resolved,9.4,Breached,5
INC14355,29-01-2025,Access,Critical,Operations,Agent 11,Resolved,10,Breached,4
INC11000,29-01-2025,Access,High,IT,Agent 12,Resolved,16.2,Breached,5
INC11269,29-01-2025,Network,Medium,Sales,Agent 14,Resolved,23.7,Met,5
INC10976,29-01-2025,Network,Medium,IT,Agent 17,Reopened,7.8,Met,5
INC13634,29-01-2025,Network,Low,HR,Agent 05,Resolved,13.4,Met,2
INC10445,29-01-2025,Hardware,Low,IT,Agent 19,Resolved,18.5,Met,4
INC11110,29-01-2025,Network,Medium,HR,Agent 17,Resolved,50.7,Breached,4
INC13158,29-01-2025,Hardware,Medium,Finance,Agent 05,Resolved,43.5,Breached,5
INC10837,29-01-2025,Email,High,Customer Service,Agent 13,Resolved,7.6,Met,4
INC14182,30-01-2025,Network,Low,Operations,Agent 01,Resolved,21.3,Met,1
INC14251,30-01-2025,Security,Low,HR,Agent 05,Resolved,38.1,Met,4
INC12692,30-01-2025,Hardware,Medium,Finance,Agent 13,Resolved,16.9,Met,5
INC13965,30-01-2025,Email,Medium,Sales,Agent 05,Resolved,14.3,Met,4
INC11979,30-01-2025,Hardware,Low,Marketing,Agent 12,Resolved,24.7,Met,4
INC12463,30-01-2025,Hardware,High,Marketing,Agent 02,Resolved,24.6,Breached,3
INC12675,31-01-2025,Email,High,Finance,Agent 16,Resolved,7.4,Met,4
INC11218,31-01-2025,Software,High,Finance,Agent 13,Resolved,6.4,Met,4
INC14483,31-01-2025,Hardware,Low,Customer Service,Agent 13,Resolved,42.7,Met,5
INC10888,01-02-2025,Software,Medium,Finance,Agent 06,Resolved,16.1,Met,5
INC12159,01-02-2025,Network,High,Finance,Agent 06,Resolved,21.6,Breached,1
INC13043,01-02-2025,Access,Medium,IT,Agent 08,Reopened,6.8,Met,4
INC14512,02-02-2025,Email,Medium,Sales,Agent 08,Resolved,9,Met,4
INC13139,02-02-2025,Hardware,High,HR,Agent 04,Resolved,10.6,Met,5
INC10095,02-02-2025,Access,Low,HR,Agent 16,Resolved,15.7,Met,5
INC10227,02-02-2025,Database,Medium,Marketing,Agent 11,Resolved,44.9,Breached,4
INC12804,02-02-2025,Software,Medium,HR,Agent 19,Resolved,12.5,Met,3
INC14185,03-02-2025,Software,Medium,Operations,Agent 20,Resolved,20.1,Met,5
INC10563,03-02-2025,Access,Medium,Operations,Agent 09,Resolved,6.6,Met,4
INC11487,04-02-2025,Network,Low,Customer Service,Agent 05,Resolved,85.9,Breached,5
INC12328,04-02-2025,Software,Medium,Customer Service,Agent 09,Reopened,9.8,Met,2
INC14646,04-02-2025,Network,Medium,Sales,Agent 08,Resolved,29.5,Breached,4
INC14871,04-02-2025,Email,High,Finance,Agent 17,Resolved,4,Met,4
INC10051,04-02-2025,Hardware,Medium,Finance,Agent 06,Resolved,8,Met,2
INC12518,04-02-2025,Email,Medium,Customer Service,Agent 11,Reopened,11,Met,3
INC14727,04-02-2025,Network,Medium,HR,Agent 15,Resolved,47.2,Breached,4
INC14567,04-02-2025,Email,Low,HR,Agent 08,Resolved,3.8,Met,2
INC11404,04-02-2025,Security,Medium,Customer Service,Agent 03,Resolved,11.7,Met,5
INC11673,05-02-2025,Hardware,High,Operations,Agent 04,Resolved,13.7,Breached,5
INC13686,05-02-2025,Software,Medium,Marketing,Agent 20,Resolved,13.1,Met,5
INC11622,05-02-2025,Access,Medium,IT,Agent 01,Resolved,11.5,Met,5
INC10116,05-02-2025,Database,Medium,Sales,Agent 15,Resolved,4.2,Met,4
INC10286,05-02-2025,Software,High,Operations,Agent 12,Resolved,5.7,Met,5
INC14298,05-02-2025,Access,Medium,Sales,Agent 10,Resolved,35.4,Breached,4
INC11248,06-02-2025,Access,Medium,Finance,Agent 16,Resolved,48.6,Breached,5
INC10256,06-02-2025,Hardware,Medium,Sales,Agent 04,Resolved,43.6,Breached,5
INC10196,06-02-2025,Hardware,High,Sales,Agent 15,Resolved,13.4,Breached,3
INC13020,07-02-2025,Database,High,Finance,Agent 01,Resolved,8.2,Met,1
INC13308,07-02-2025,Email,Medium,Sales,Agent 20,Resolved,13.7,Met,4
INC12029,07-02-2025,Access,High,Operations,Agent 08,Resolved,11.4,Met,4
INC11616,08-02-2025,Access,High,Operations,Agent 04,Resolved,10.6,Met,5
INC10782,08-02-2025,Hardware,Critical,Sales,Agent 12,Resolved,3.1,Met,5
INC11109,08-02-2025,Software,Low,Marketing,Agent 13,Resolved,39,Met,4
INC14278,08-02-2025,Access,High,Finance,Agent 12,Resolved,9.1,Met,2
INC11946,08-02-2025,Email,Medium,Finance,Agent 04,Resolved,17,Met,5
INC10670,08-02-2025,Email,High,Operations,Agent 17,Resolved,5.6,Met,5
INC13681,08-02-2025,Email,Medium,Finance,Agent 02,Resolved,4.3,Met,2
INC11503,08-02-2025,Network,High,HR,Agent 19,Resolved,7.7,Met,1
INC10423,08-02-2025,Database,High,HR,Agent 01,Resolved,4.8,Met,5
INC10466,08-02-2025,Security,Medium,Finance,Agent 12,Resolved,26,Breached,3
INC12922,08-02-2025,Access,Medium,IT,Agent 17,Resolved,26.4,Breached,3
INC11033,08-02-2025,Software,Medium,IT,Agent 04,Reopened,23.4,Met,4
INC13450,09-02-2025,Email,High,Operations,Agent 18,Resolved,17,Breached,4
INC11193,09-02-2025,Email,High,Sales,Agent 15,Resolved,17.1,Breached,4
INC12203,09-02-2025,Database,Medium,Marketing,Agent 04,Resolved,18.8,Met,5
INC13497,09-02-2025,Network,Critical,Finance,Agent 09,Resolved,2.2,Met,4
INC11200,09-02-2025,Network,Medium,Marketing,Agent 05,Resolved,11.8,Met,4
INC11201,09-02-2025,Email,Medium,HR,Agent 11,Resolved,12.4,Met,4
INC11179,09-02-2025,Access,Medium,Marketing,Agent 20,Resolved,15.3,Met,4
INC10710,09-02-2025,Access,Medium,Finance,Agent 01,Resolved,5.6,Met,4
INC13732,09-02-2025,Security,Medium,Finance,Agent 16,Resolved,27.6,Breached,5
INC10074,10-02-2025,Network,Low,Customer Service,Agent 16,Reopened,19.6,Met,2
INC13246,10-02-2025,Network,Low,Sales,Agent 15,Resolved,30.7,Met,4
INC12318,10-02-2025,Security,Medium,Marketing,Agent 02,Resolved,15.6,Met,3
INC10519,10-02-2025,Email,Low,HR,Agent 11,Resolved,45.7,Met,3
INC12963,10-02-2025,Network,Critical,Customer Service,Agent 19,Resolved,1.3,Met,5
INC12395,10-02-2025,Access,High,HR,Agent 18,Resolved,8.7,Met,5
INC12470,10-02-2025,Access,Medium,Sales,Agent 16,Resolved,11.9,Met,5
INC12249,10-02-2025,Access,Medium,HR,Agent 17,Resolved,21.6,Met,3
INC10769,11-02-2025,Hardware,Low,Customer Service,Agent 12,Resolved,40,Met,4
INC13840,11-02-2025,Network,Medium,Customer Service,Agent 04,Resolved,6.2,Met,4
INC14387,11-02-2025,Hardware,Critical,Sales,Agent 15,Resolved,1.2,Met,5
INC11748,11-02-2025,Software,Medium,IT,Agent 13,Resolved,30,Breached,5
INC10981,11-02-2025,Hardware,Medium,Finance,Agent 13,Resolved,26.2,Breached,5
INC10425,11-02-2025,Hardware,High,Operations,Agent 02,Resolved,13.8,Breached,4
INC14374,12-02-2025,Software,Medium,Customer Service,Agent 04,Resolved,7.8,Met,4
INC10369,12-02-2025,Software,Medium,Finance,Agent 20,Resolved,11.6,Met,5
INC11884,12-02-2025,Network,Low,Marketing,Agent 20,Resolved,12.4,Met,1
INC13092,12-02-2025,Software,Medium,Marketing,Agent 16,Resolved,31.9,Breached,5
INC12140,12-02-2025,Hardware,Medium,Marketing,Agent 07,Resolved,10.8,Met,4
INC13618,12-02-2025,Hardware,Low,Sales,Agent 12,Resolved,41.5,Met,4
INC11789,12-02-2025,Email,Low,Finance,Agent 04,Resolved,27.6,Met,5
INC10609,12-02-2025,Email,Low,HR,Agent 08,Resolved,21.6,Met,5
INC11583,12-02-2025,Access,Medium,Finance,Agent 06,Resolved,7,Met,4
INC14327,12-02-2025,Security,Medium,HR,Agent 04,Resolved,17.6,Met,5
INC13244,12-02-2025,Network,High,IT,Agent 07,Resolved,31.6,Breached,5
INC13479,13-02-2025,Network,Medium,Operations,Agent 15,Resolved,26.5,Breached,4
INC14507,13-02-2025,Access,Low,Finance,Agent 13,Resolved,12.2,Met,5
INC11044,13-02-2025,Software,Medium,Sales,Agent 12,Resolved,8.2,Met,4
INC12176,13-02-2025,Network,Medium,Marketing,Agent 17,Resolved,4.8,Met,4
INC13828,13-02-2025,Email,High,IT,Agent 11,Resolved,3.8,Met,3
INC11970,13-02-2025,Hardware,High,IT,Agent 09,Resolved,18.9,Breached,1
INC12819,14-02-2025,Access,High,Operations,Agent 10,Resolved,20.2,Breached,5
INC14747,14-02-2025,Network,Low,HR,Agent 04,Resolved,48.4,Breached,4
INC12643,14-02-2025,Hardware,High,HR,Agent 18,Resolved,2.8,Met,4
INC13352,14-02-2025,Email,High,Operations,Agent 02,Resolved,12.9,Breached,4
INC14406,15-02-2025,Software,Low,IT,Agent 20,Resolved,38.8,Met,5
INC10252,15-02-2025,Email,Medium,Sales,Agent 13,Reopened,15.6,Met,4
INC13228,15-02-2025,Software,High,Operations,Agent 08,Resolved,19.4,Breached,4
INC11346,15-02-2025,Hardware,Medium,Operations,Agent 07,Resolved,54.7,Breached,5
INC12071,16-02-2025,Security,Medium,Operations,Agent 07,Resolved,10.6,Met,1
INC10636,16-02-2025,Software,High,Finance,Agent 01,Resolved,13.1,Breached,5
INC10310,16-02-2025,Network,Low,Sales,Agent 20,Resolved,11.7,Met,4
INC11156,16-02-2025,Network,Medium,HR,Agent 06,Resolved,34.1,Breached,4
INC12263,16-02-2025,Security,Low,HR,Agent 02,Resolved,42.1,Met,5
INC11062,16-02-2025,Network,Medium,Customer Service,Agent 04,Resolved,19.9,Met,3
INC10810,16-02-2025,Software,High,Operations,Agent 05,Resolved,7.5,Met,4
INC14104,16-02-2025,Email,High,Marketing,Agent 19,Resolved,8.1,Met,2
INC13035,16-02-2025,Software,High,Customer Service,Agent 14,Resolved,23,Breached,5
INC10497,16-02-2025,Network,Low,Marketing,Agent 16,Resolved,32,Met,5
INC13256,16-02-2025,Software,Medium,HR,Agent 19,Reopened,12,Met,5
INC14750,17-02-2025,Network,High,Sales,Agent 09,Resolved,10.8,Met,5
INC14121,17-02-2025,Database,High,HR,Agent 09,Resolved,7.9,Met,4
INC13743,17-02-2025,Security,Critical,Sales,Agent 11,Resolved,1.8,Met,4
INC13465,17-02-2025,Network,Medium,Marketing,Agent 14,Resolved,18.7,Met,3
INC12449,18-02-2025,Hardware,Medium,Sales,Agent 03,Resolved,31,Breached,5
INC12086,18-02-2025,Email,Medium,IT,Agent 09,Resolved,12.1,Met,4
INC11638,18-02-2025,Hardware,High,IT,Agent 06,Resolved,4.9,Met,1
INC10245,18-02-2025,Security,Low,Sales,Agent 12,Resolved,15.7,Met,5
INC12860,18-02-2025,Network,Medium,Marketing,Agent 15,Resolved,27.2,Breached,4
INC14903,19-02-2025,Software,High,HR,Agent 05,Resolved,5,Met,5
INC13669,19-02-2025,Security,Medium,IT,Agent 16,Resolved,1.5,Met,5
INC14030,19-02-2025,Software,Critical,Sales,Agent 19,Resolved,6.7,Breached,5
INC12892,19-02-2025,Security,Critical,Marketing,Agent 19,Resolved,4,Met,5
INC11641,19-02-2025,Hardware,Low,HR,Agent 07,Resolved,39.9,Met,1
INC14695,19-02-2025,Network,Medium,HR,Agent 08,Resolved,18.3,Met,4
INC10923,20-02-2025,Hardware,High,IT,Agent 20,Resolved,18.6,Breached,5
INC10621,20-02-2025,Email,Low,Marketing,Agent 06,Resolved,5.4,Met,3
INC10295,20-02-2025,Hardware,High,IT,Agent 12,Resolved,5.1,Met,5
INC11595,20-02-2025,Hardware,Critical,HR,Agent 14,Resolved,6,Breached,4
INC10559,20-02-2025,Hardware,Medium,Operations,Agent 20,Resolved,37.2,Breached,5
INC13325,21-02-2025,Hardware,Low,IT,Agent 19,Resolved,6.5,Met,4
INC11539,22-02-2025,Software,Medium,Finance,Agent 08,Resolved,13.6,Met,4
INC10069,22-02-2025,Hardware,Medium,HR,Agent 13,Resolved,19.2,Met,4
INC14557,22-02-2025,Email,Low,IT,Agent 17,Resolved,43.5,Met,5
INC10955,22-02-2025,Hardware,High,Marketing,Agent 04,Resolved,13.3,Breached,4
INC12672,22-02-2025,Network,Critical,IT,Agent 17,Resolved,6.9,Breached,5
INC14427,23-02-2025,Software,High,Operations,Agent 17,Resolved,10.1,Met,4
INC11155,23-02-2025,Software,Medium,Operations,Agent 07,Resolved,9.2,Met,3
INC10920,23-02-2025,Software,Medium,Marketing,Agent 01,Resolved,8.6,Met,5
INC13493,23-02-2025,Software,Medium,HR,Agent 10,Resolved,31.1,Breached,3
INC10573,23-02-2025,Security,High,HR,Agent 17,Resolved,4.9,Met,2
INC10205,23-02-2025,Software,Medium,Finance,Agent 17,Reopened,19,Met,4
INC14131,23-02-2025,Software,High,Finance,Agent 10,Resolved,12.2,Breached,5
INC10302,23-02-2025,Software,High,HR,Agent 20,Resolved,8.9,Met,2
INC11705,24-02-2025,Access,Low,Customer Service,Agent 01,Resolved,2.3,Met,3
INC11010,24-02-2025,Network,Low,HR,Agent 17,Resolved,39.2,Met,5
INC12040,24-02-2025,Network,Medium,HR,Agent 10,Resolved,4.4,Met,5
INC13958,25-02-2025,Software,Low,Sales,Agent 09,Resolved,50,Breached,5
INC14986,25-02-2025,Software,Low,HR,Agent 04,Resolved,26.5,Met,5
INC10650,25-02-2025,Network,Low,Marketing,Agent 03,Resolved,3.8,Met,4
INC13536,25-02-2025,Email,Low,HR,Agent 12,Resolved,42.5,Met,4
INC13675,25-02-2025,Hardware,High,IT,Agent 14,Resolved,17.1,Breached,5
INC12150,26-02-2025,Security,Medium,HR,Agent 11,Resolved,16.1,Met,5
INC13430,26-02-2025,Network,Medium,IT,Agent 06,Resolved,18.7,Met,2
INC12611,26-02-2025,Hardware,Low,IT,Agent 06,Resolved,23.8,Met,2
INC12031,26-02-2025,Software,Low,Customer Service,Agent 03,Reopened,33.4,Met,1
INC14349,27-02-2025,Hardware,High,IT,Agent 10,Resolved,15.7,Breached,5
INC11687,27-02-2025,Access,Medium,HR,Agent 07,Resolved,7.1,Met,4
INC10315,27-02-2025,Software,High,IT,Agent 12,Resolved,4.9,Met,4
INC12171,27-02-2025,Access,Medium,Customer Service,Agent 13,Resolved,18.8,Met,4
INC14712,27-02-2025,Network,Critical,Sales,Agent 09,Resolved,2.2,Met,4
INC10471,27-02-2025,Email,Medium,Marketing,Agent 16,Resolved,15.8,Met,3
INC13874,27-02-2025,Database,Low,HR,Agent 06,Resolved,39.6,Met,3
INC10486,27-02-2025,Hardware,High,HR,Agent 01,Resolved,9.2,Met,5
INC12958,27-02-2025,Network,Medium,HR,Agent 13,Resolved,9.9,Met,5
INC10961,28-02-2025,Hardware,High,IT,Agent 16,Resolved,16.4,Breached,4
INC13138,28-02-2025,Software,Medium,IT,Agent 02,Resolved,16.6,Met,4
INC13496,28-02-2025,Network,Low,HR,Agent 16,Resolved,22.8,Met,3
INC12821,28-02-2025,Software,High,Finance,Agent 11,Resolved,3.4,Met,5
INC13204,28-02-2025,Security,Medium,Customer Service,Agent 16,Resolved,30.8,Breached,5
INC10029,28-02-2025,Email,Critical,Operations,Agent 14,Resolved,3.8,Met,4
INC11490,28-02-2025,Access,Medium,Operations,Agent 05,Resolved,8.7,Met,5
INC13451,28-02-2025,Database,High,IT,Agent 04,Resolved,5.3,Met,4
INC12523,28-02-2025,Security,Medium,IT,Agent 16,Resolved,28.3,Breached,4
INC14000,01-03-2025,Email,Low,HR,Agent 01,Resolved,9.4,Met,3
INC12046,01-03-2025,Email,Medium,Finance,Agent 05,Resolved,3.5,Met,5
INC11643,01-03-2025,Access,Low,IT,Agent 10,Resolved,48.5,Breached,4
INC14279,01-03-2025,Access,Critical,IT,Agent 06,Resolved,1.4,Met,5
INC13680,01-03-2025,Network,Medium,Customer Service,Agent 12,Resolved,17.7,Met,4
INC11792,01-03-2025,Hardware,Low,Customer Service,Agent 05,Resolved,39.3,Met,3
INC13516,02-03-2025,Network,Low,Finance,Agent 15,Resolved,15.3,Met,4
INC11030,02-03-2025,Network,Medium,HR,Agent 06,Resolved,10.5,Met,5
INC13262,02-03-2025,Software,Medium,Customer Service,Agent 17,Resolved,5.1,Met,4
INC11134,02-03-2025,Network,Medium,Operations,Agent 03,Resolved,17.3,Met,4
INC13458,03-03-2025,Database,Low,HR,Agent 12,Resolved,77,Breached,3
INC13511,03-03-2025,Email,Medium,Marketing,Agent 14,Resolved,33.5,Breached,5
INC11141,03-03-2025,Access,Medium,Marketing,Agent 03,Reopened,17.8,Met,4
INC10400,03-03-2025,Access,Medium,Sales,Agent 16,Resolved,6.9,Met,1
INC12325,03-03-2025,Network,Low,Sales,Agent 08,Resolved,51.4,Breached,1
INC10881,04-03-2025,Software,Medium,Operations,Agent 12,Resolved,16.4,Met,4
INC11822,04-03-2025,Security,Critical,Sales,Agent 16,Resolved,8,Breached,3
INC10082,04-03-2025,Database,Medium,Sales,Agent 13,Reopened,19.4,Met,4
INC14153,04-03-2025,Email,Critical,Marketing,Agent 01,Resolved,29.1,Breached,4
INC13860,04-03-2025,Network,High,Customer Service,Agent 13,Resolved,6.4,Met,5
INC10872,04-03-2025,Access,Medium,Sales,Agent 03,Resolved,14.7,Met,5
INC12471,04-03-2025,Network,High,Operations,Agent 19,Reopened,7,Met,1
INC10540,04-03-2025,Software,Medium,Customer Service,Agent 06,Resolved,13.3,Met,5
INC13294,04-03-2025,Access,High,Operations,Agent 11,Resolved,1.8,Met,5
INC12302,04-03-2025,Software,High,Operations,Agent 04,Resolved,3.9,Met,4
INC12563,05-03-2025,Hardware,Critical,Sales,Agent 14,Resolved,5.8,Breached,4
INC13606,05-03-2025,Access,Medium,IT,Agent 16,Resolved,11.2,Met,4
INC11329,05-03-2025,Access,Medium,IT,Agent 13,Resolved,7.3,Met,5
INC14173,05-03-2025,Network,Medium,Operations,Agent 06,Resolved,10,Met,2
INC14682,05-03-2025,Access,High,HR,Agent 04,Resolved,9.9,Met,3
INC13661,05-03-2025,Hardware,High,Operations,Agent 12,Resolved,1,Met,5
INC11837,06-03-2025,Network,High,Operations,Agent 15,Resolved,19.3,Breached,5
INC12621,06-03-2025,Hardware,Medium,IT,Agent 17,Resolved,15.9,Met,3
INC13209,06-03-2025,Database,Low,Marketing,Agent 15,Resolved,26.7,Met,4
INC14681,06-03-2025,Software,Low,Finance,Agent 07,Resolved,54.7,Breached,4
INC12340,06-03-2025,Database,Medium,Operations,Agent 16,Resolved,11.5,Met,3
INC10534,06-03-2025,Network,Medium,IT,Agent 20,Resolved,24,Met,5
INC14031,06-03-2025,Database,Low,IT,Agent 08,Resolved,18.6,Met,5
INC13714,06-03-2025,Security,Medium,IT,Agent 18,Resolved,17.3,Met,4
INC12648,07-03-2025,Software,Medium,Finance,Agent 05,Resolved,22.2,Met,5
INC14638,07-03-2025,Network,Low,HR,Agent 04,Resolved,10.7,Met,4
INC14493,07-03-2025,Security,Medium,Marketing,Agent 15,Resolved,9.3,Met,5
INC12174,07-03-2025,Network,Medium,Finance,Agent 15,Resolved,36.5,Breached,4
INC11451,07-03-2025,Security,High,Finance,Agent 09,Resolved,7.8,Met,4
INC12151,07-03-2025,Network,Low,IT,Agent 09,Resolved,34.1,Met,4
INC11685,08-03-2025,Network,Medium,Sales,Agent 01,Resolved,16.6,Met,4
INC14779,08-03-2025,Network,High,Customer Service,Agent 06,Resolved,11,Met,4
INC14573,08-03-2025,Hardware,Medium,IT,Agent 02,Resolved,18,Met,5
INC10682,08-03-2025,Database,Medium,Finance,Agent 04,Resolved,15,Met,2
INC11754,08-03-2025,Network,Medium,HR,Agent 13,Resolved,36.3,Breached,2
INC13579,09-03-2025,Access,High,Operations,Agent 05,Resolved,21.2,Breached,5
INC12319,09-03-2025,Access,Medium,Marketing,Agent 08,Resolved,4.1,Met,4
INC12857,09-03-2025,Network,Low,Operations,Agent 15,Resolved,22.4,Met,5
INC12165,09-03-2025,Hardware,Medium,Marketing,Agent 20,Resolved,13.1,Met,4
INC11012,10-03-2025,Software,Medium,Customer Service,Agent 15,Resolved,5.2,Met,5
INC13136,10-03-2025,Security,Medium,Operations,Agent 06,Reopened,55.7,Breached,5
INC14770,10-03-2025,Access,Medium,Finance,Agent 06,Resolved,5.8,Met,5
INC14103,10-03-2025,Email,Low,IT,Agent 09,Resolved,21.2,Met,3
INC10337,10-03-2025,Software,High,Customer Service,Agent 05,Resolved,11.1,Met,3
INC10603,10-03-2025,Network,Medium,Operations,Agent 15,Resolved,11.8,Met,5
INC12529,10-03-2025,Access,Medium,HR,Agent 15,Resolved,20.5,Met,4
INC10817,10-03-2025,Software,Medium,Customer Service,Agent 03,Resolved,12.9,Met,4
INC13314,10-03-2025,Software,High,Customer Service,Agent 19,Resolved,7.7,Met,5
INC13531,11-03-2025,Hardware,Low,Finance,Agent 08,Resolved,45.4,Met,4
INC12016,11-03-2025,Network,High,HR,Agent 04,Resolved,12,Met,3
INC12113,11-03-2025,Software,Medium,HR,Agent 11,Resolved,28.2,Breached,4
INC13666,12-03-2025,Software,Medium,IT,Agent 01,Resolved,8,Met,4
INC14999,12-03-2025,Access,Medium,Operations,Agent 05,Resolved,2.7,Met,4
INC14162,12-03-2025,Email,High,Operations,Agent 16,Resolved,9.3,Met,4
INC11330,13-03-2025,Software,Medium,IT,Agent 01,Resolved,12.9,Met,4
INC13994,13-03-2025,Email,High,Finance,Agent 01,Resolved,7.2,Met,5
INC10566,13-03-2025,Software,Critical,Sales,Agent 02,Resolved,3.9,Met,4
INC14342,13-03-2025,Network,Low,Operations,Agent 09,Resolved,18.7,Met,4
INC10005,13-03-2025,Security,Medium,HR,Agent 13,Resolved,6.1,Met,4
INC13770,13-03-2025,Database,Low,Customer Service,Agent 04,Resolved,12.3,Met,4
INC14148,13-03-2025,Network,Medium,HR,Agent 11,Resolved,19.5,Met,4
INC13417,14-03-2025,Network,Medium,HR,Agent 19,Resolved,24,Met,3
INC11757,14-03-2025,Email,Low,Marketing,Agent 16,Resolved,19.9,Met,4
INC13242,14-03-2025,Software,Medium,Operations,Agent 13,Resolved,34.2,Breached,5
INC11026,14-03-2025,Security,Medium,Customer Service,Agent 03,Resolved,17.9,Met,4
INC12462,14-03-2025,Hardware,Medium,Marketing,Agent 15,Resolved,7.2,Met,4
INC13279,14-03-2025,Hardware,Medium,IT,Agent 03,Resolved,5.9,Met,5
INC13072,14-03-2025,Email,Critical,Customer Service,Agent 04,Resolved,8.5,Breached,4
INC13648,14-03-2025,Network,Low,HR,Agent 07,Resolved,32.6,Met,4
INC13198,14-03-2025,Database,Medium,Operations,Agent 11,Resolved,10,Met,4
INC12303,14-03-2025,Hardware,High,IT,Agent 10,Resolved,14.7,Breached,5
INC14274,14-03-2025,Network,High,Finance,Agent 16,Resolved,13.1,Breached,4
INC13902,14-03-2025,Network,High,Operations,Agent 20,Resolved,5.6,Met,4
INC13584,15-03-2025,Network,Low,IT,Agent 01,Resolved,34.3,Met,3
INC12681,15-03-2025,Email,High,IT,Agent 17,Resolved,9.8,Met,4
INC12929,15-03-2025,Access,High,Sales,Agent 06,Resolved,10.8,Met,5
INC10434,15-03-2025,Database,High,IT,Agent 15,Resolved,10.5,Met,1
INC12253,16-03-2025,Access,High,Sales,Agent 07,Resolved,25.2,Breached,2
INC14718,16-03-2025,Network,High,IT,Agent 10,Resolved,2.9,Met,5
INC11284,16-03-2025,Network,Low,Customer Service,Agent 12,Resolved,51.2,Breached,5
INC14856,16-03-2025,Access,Critical,IT,Agent 16,Resolved,0.7,Met,3
INC12639,16-03-2025,Access,High,Finance,Agent 07,Resolved,24.1,Breached,3
INC13599,16-03-2025,Hardware,Medium,Sales,Agent 15,Resolved,8.1,Met,5
INC12075,16-03-2025,Software,Medium,Marketing,Agent 12,Resolved,7.9,Met,3
INC10857,16-03-2025,Software,High,Marketing,Agent 10,Resolved,3.3,Met,4
INC10580,16-03-2025,Access,Medium,Customer Service,Agent 08,Resolved,11.7,Met,5
INC12701,16-03-2025,Email,Low,Customer Service,Agent 17,Resolved,11,Met,4
INC10978,16-03-2025,Network,High,Customer Service,Agent 19,Reopened,3.4,Met,5
INC14412,16-03-2025,Network,Low,HR,Agent 03,Resolved,10.1,Met,4
INC12503,16-03-2025,Hardware,Medium,HR,Agent 14,Resolved,9,Met,5
INC13344,17-03-2025,Database,Medium,Finance,Agent 18,Reopened,5.5,Met,5
INC11562,17-03-2025,Software,Critical,IT,Agent 04,Resolved,4.8,Breached,4
INC14144,17-03-2025,Software,Medium,HR,Agent 14,Resolved,11.8,Met,3
INC12051,17-03-2025,Network,High,IT,Agent 12,Resolved,9.1,Met,4
INC14160,17-03-2025,Network,High,IT,Agent 03,Resolved,17.7,Breached,4
INC10408,17-03-2025,Database,Medium,Operations,Agent 11,Resolved,79.8,Breached,5
INC13080,17-03-2025,Hardware,Medium,IT,Agent 16,Resolved,36.3,Breached,5
INC12361,17-03-2025,Email,High,Finance,Agent 02,Resolved,8,Met,2
INC14093,17-03-2025,Network,Medium,Customer Service,Agent 19,Resolved,15.4,Met,5
INC13541,18-03-2025,Hardware,Medium,Operations,Agent 13,Resolved,26.4,Breached,4
INC12522,18-03-2025,Network,Medium,Sales,Agent 08,Resolved,12.3,Met,5
INC14379,18-03-2025,Software,High,HR,Agent 02,Resolved,27,Breached,5
INC11657,18-03-2025,Email,Medium,Sales,Agent 07,Resolved,8.9,Met,4
INC14859,19-03-2025,Security,Low,IT,Agent 03,Resolved,9.3,Met,5
INC12073,19-03-2025,Software,Low,Operations,Agent 14,Resolved,15.6,Met,4
INC13095,19-03-2025,Network,High,Operations,Agent 11,Resolved,15.2,Breached,5
INC10556,19-03-2025,Hardware,Medium,IT,Agent 01,Resolved,21.3,Met,5
INC10633,19-03-2025,Hardware,Medium,Customer Service,Agent 18,Resolved,47.3,Breached,5
INC10928,19-03-2025,Software,Low,Operations,Agent 05,Resolved,34.2,Met,3
INC14773,20-03-2025,Software,Medium,IT,Agent 04,Resolved,54.3,Breached,5
INC13212,20-03-2025,Software,Low,HR,Agent 02,Resolved,6.7,Met,4
INC12828,20-03-2025,Email,Medium,IT,Agent 10,Resolved,9.1,Met,5
INC11873,20-03-2025,Security,High,Customer Service,Agent 12,Resolved,14.3,Breached,3
INC14437,20-03-2025,Hardware,Medium,Operations,Agent 07,Resolved,32.2,Breached,3
INC11271,20-03-2025,Database,High,Customer Service,Agent 04,Reopened,26.6,Breached,3
INC14996,20-03-2025,Software,High,Marketing,Agent 16,Resolved,5.3,Met,2
INC14907,20-03-2025,Hardware,High,Sales,Agent 19,Resolved,36.4,Breached,4
INC10489,21-03-2025,Database,Low,HR,Agent 13,Resolved,94.4,Breached,4
INC10151,22-03-2025,Software,Critical,Marketing,Agent 06,Resolved,2.5,Met,5
INC10596,22-03-2025,Network,Medium,HR,Agent 19,Resolved,6,Met,5
INC11052,22-03-2025,Network,Medium,Customer Service,Agent 09,Resolved,2.9,Met,4
INC12955,23-03-2025,Network,Low,Operations,Agent 13,Reopened,6.7,Met,4
INC13170,23-03-2025,Network,Medium,Marketing,Agent 01,Resolved,33.5,Breached,3
INC13734,23-03-2025,Security,Low,Sales,Agent 15,Resolved,40.9,Met,5
INC14925,23-03-2025,Database,Low,Operations,Agent 15,Resolved,50.1,Breached,3
INC13442,23-03-2025,Database,High,Marketing,Agent 14,Resolved,1.9,Met,3
INC11224,23-03-2025,Hardware,Medium,Customer Service,Agent 12,Resolved,27.8,Breached,4
INC10944,23-03-2025,Hardware,Critical,HR,Agent 15,Resolved,8.1,Breached,2
INC12644,24-03-2025,Hardware,Medium,Marketing,Agent 14,Resolved,23.4,Met,4
INC10553,24-03-2025,Network,High,Finance,Agent 14,Resolved,8.1,Met,5
INC13882,24-03-2025,Hardware,Medium,HR,Agent 08,Resolved,44,Breached,5
INC12717,24-03-2025,Network,Medium,Marketing,Agent 02,Resolved,20.4,Met,4
INC14100,24-03-2025,Hardware,Low,Finance,Agent 01,Resolved,23.9,Met,4
INC12422,25-03-2025,Network,Medium,IT,Agent 11,Resolved,32,Breached,2
INC11380,25-03-2025,Hardware,Medium,Customer Service,Agent 17,Resolved,13.5,Met,4
INC11447,25-03-2025,Hardware,High,Marketing,Agent 15,Resolved,12.8,Breached,3
INC13672,25-03-2025,Network,Low,IT,Agent 11,Resolved,19.5,Met,4
INC12435,25-03-2025,Security,Low,Customer Service,Agent 20,Resolved,24.5,Met,3
INC13149,25-03-2025,Network,Medium,HR,Agent 03,Resolved,36.7,Breached,4
INC11373,25-03-2025,Network,Low,IT,Agent 08,Resolved,42.5,Met,4
INC11286,25-03-2025,Security,High,Marketing,Agent 08,Resolved,3.1,Met,1
INC11720,25-03-2025,Access,High,Marketing,Agent 04,Resolved,7.1,Met,4
INC11623,25-03-2025,Access,Critical,HR,Agent 11,Resolved,1,Met,3
INC12981,25-03-2025,Access,Critical,Marketing,Agent 13,Resolved,3.5,Met,5
INC11572,26-03-2025,Software,Medium,Marketing,Agent 06,Resolved,7.8,Met,3
INC14545,26-03-2025,Network,Medium,Customer Service,Agent 02,Reopened,8.2,Met,5
INC10555,26-03-2025,Network,Low,Marketing,Agent 04,Resolved,20.8,Met,4
INC13014,26-03-2025,Security,High,HR,Agent 17,Resolved,5,Met,5
INC14678,26-03-2025,Network,Medium,Marketing,Agent 19,Resolved,49.4,Breached,5
INC10940,26-03-2025,Database,High,Marketing,Agent 09,Resolved,17.5,Breached,5
INC11349,27-03-2025,Network,Low,Customer Service,Agent 04,Resolved,27.7,Met,4
INC11523,27-03-2025,Network,Low,Sales,Agent 07,Resolved,18.2,Met,5
INC13688,27-03-2025,Software,Medium,Finance,Agent 10,Resolved,5.7,Met,5
INC10120,27-03-2025,Access,Medium,IT,Agent 14,Reopened,5.4,Met,5
INC10334,27-03-2025,Access,Low,Customer Service,Agent 20,Resolved,7.9,Met,5
INC12925,27-03-2025,Hardware,Medium,Customer Service,Agent 10,Resolved,10.8,Met,4
INC14370,27-03-2025,Software,Medium,Finance,Agent 17,Reopened,19.8,Met,3
INC13342,28-03-2025,Email,Low,Finance,Agent 05,Resolved,23.1,Met,4
INC12519,28-03-2025,Database,Low,Finance,Agent 11,Resolved,100.1,Breached,1
INC14447,28-03-2025,Access,High,Sales,Agent 09,Resolved,7,Met,2
INC11390,28-03-2025,Network,Low,HR,Agent 20,Resolved,20.3,Met,4
INC10910,28-03-2025,Hardware,Medium,Marketing,Agent 13,Resolved,4.9,Met,5
INC12367,28-03-2025,Network,Medium,Sales,Agent 13,Resolved,52.6,Breached,1
INC13924,28-03-2025,Software,High,Customer Service,Agent 19,Resolved,4.4,Met,3
INC14691,29-03-2025,Security,Medium,HR,Agent 12,Resolved,21.9,Met,4
INC14226,29-03-2025,Access,Medium,Customer Service,Agent 06,Resolved,14.8,Met,4
INC13058,29-03-2025,Access,Medium,Customer Service,Agent 02,Resolved,26.6,Breached,5
INC11344,29-03-2025,Software,Low,HR,Agent 13,Resolved,16.2,Met,4
INC12709,29-03-2025,Access,Medium,Customer Service,Agent 10,Resolved,15.4,Met,5
INC10012,29-03-2025,Database,High,Marketing,Agent 11,Resolved,7.6,Met,3
INC13645,29-03-2025,Email,Medium,Sales,Agent 11,Resolved,43.1,Breached,2
INC13302,29-03-2025,Hardware,High,Finance,Agent 02,Resolved,20.7,Breached,3
INC14803,30-03-2025,Software,Medium,Operations,Agent 05,Resolved,21.2,Met,5
INC13722,30-03-2025,Network,Low,Marketing,Agent 05,Resolved,37.8,Met,3
INC12314,30-03-2025,Software,Medium,IT,Agent 07,Resolved,16.3,Met,4
INC11168,30-03-2025,Network,Low,Sales,Agent 01,Resolved,25.5,Met,3
INC13109,30-03-2025,Software,Low,Finance,Agent 15,Resolved,54.1,Breached,3
INC10770,30-03-2025,Software,Critical,Marketing,Agent 13,Reopened,4,Met,4
INC11545,30-03-2025,Access,High,IT,Agent 04,Resolved,7.3,Met,5
INC12897,31-03-2025,Network,Low,IT,Agent 02,Resolved,16.7,Met,4
INC10377,31-03-2025,Access,Low,Operations,Agent 20,Resolved,20.3,Met,3
INC14505,31-03-2025,Email,High,HR,Agent 02,Resolved,9,Met,2
INC10515,31-03-2025,Software,Critical,Sales,Agent 04,Resolved,9.9,Breached,4
INC11609,31-03-2025,Network,High,Finance,Agent 12,Resolved,6.6,Met,5
INC10735,31-03-2025,Software,High,Finance,Agent 09,Resolved,3.2,Met,1
INC12842,31-03-2025,Email,Medium,Finance,Agent 06,Resolved,7.1,Met,5
INC14703,31-03-2025,Hardware,Low,Finance,Agent 10,Resolved,14.3,Met,5
INC13550,01-04-2025,Access,High,HR,Agent 01,Resolved,6.8,Met,4
INC10464,01-04-2025,Network,Low,Operations,Agent 11,Resolved,32.6,Met,2
INC12954,01-04-2025,Access,High,Sales,Agent 12,Reopened,5.8,Met,2
INC10293,02-04-2025,Email,Medium,Operations,Agent 08,Resolved,6.2,Met,5
INC11784,02-04-2025,Hardware,Medium,Customer Service,Agent 04,Resolved,32.5,Breached,4
INC11827,02-04-2025,Access,High,HR,Agent 17,Reopened,4.3,Met,4
INC13481,02-04-2025,Software,Medium,IT,Agent 16,Resolved,7.8,Met,4
INC11406,03-04-2025,Hardware,Medium,IT,Agent 10,Resolved,25,Breached,5
INC14436,03-04-2025,Email,Medium,Finance,Agent 16,Resolved,9.6,Met,5
INC12924,03-04-2025,Email,High,Marketing,Agent 06,Resolved,18.9,Breached,5
INC12377,03-04-2025,Network,Critical,IT,Agent 08,Resolved,2.9,Met,5
INC13388,03-04-2025,Email,Medium,HR,Agent 13,Resolved,11.7,Met,4
INC14936,03-04-2025,Security,High,Marketing,Agent 16,Resolved,15.7,Breached,3
INC14067,03-04-2025,Software,High,Operations,Agent 08,Resolved,6.1,Met,1
INC12884,03-04-2025,Software,Critical,Operations,Agent 04,Reopened,2.7,Met,4
INC10619,03-04-2025,Access,Medium,Finance,Agent 07,Resolved,9.5,Met,4
INC13813,04-04-2025,Network,High,Finance,Agent 19,Resolved,15.8,Breached,4
INC13628,04-04-2025,Software,Medium,Sales,Agent 16,Reopened,8.2,Met,4
INC10339,04-04-2025,Software,High,Customer Service,Agent 08,Resolved,9,Met,2
INC14777,05-04-2025,Access,High,Sales,Agent 17,Reopened,27.9,Breached,3
INC14901,05-04-2025,Hardware,High,Marketing,Agent 16,Resolved,5.9,Met,3
INC13110,05-04-2025,Access,Medium,Operations,Agent 08,Resolved,9.8,Met,5
INC11768,05-04-2025,Network,Medium,Operations,Agent 16,Resolved,23.8,Met,4
INC10814,05-04-2025,Security,High,Customer Service,Agent 16,Resolved,5.6,Met,5
INC12705,06-04-2025,Access,Medium,Customer Service,Agent 03,Resolved,16.3,Met,4
INC14304,06-04-2025,Email,Medium,HR,Agent 12,Resolved,10.3,Met,3
INC10392,06-04-2025,Hardware,Medium,IT,Agent 08,Resolved,24.4,Breached,1
INC13061,06-04-2025,Database,Medium,Finance,Agent 15,Resolved,29.3,Breached,4
INC10926,06-04-2025,Database,Medium,Marketing,Agent 13,Resolved,6.3,Met,5
INC10323,06-04-2025,Email,Medium,Marketing,Agent 12,Resolved,8.8,Met,4
INC14252,06-04-2025,Hardware,Medium,IT,Agent 05,Resolved,24.6,Breached,5
INC14080,06-04-2025,Software,Critical,Sales,Agent 19,Resolved,4.9,Breached,5
INC11867,07-04-2025,Network,High,IT,Agent 16,Resolved,26.5,Breached,3
INC12177,07-04-2025,Access,Medium,Customer Service,Agent 08,Resolved,4.3,Met,3
INC13333,07-04-2025,Access,Low,HR,Agent 04,Resolved,18,Met,4
INC10795,07-04-2025,Hardware,Critical,Sales,Agent 07,Resolved,14.6,Breached,4
INC13665,08-04-2025,Email,Medium,HR,Agent 19,Resolved,16.5,Met,5
INC13176,08-04-2025,Network,Medium,IT,Agent 08,Resolved,30.2,Breached,5
INC14535,08-04-2025,Access,Critical,IT,Agent 09,Resolved,3.3,Met,2
INC11009,08-04-2025,Software,High,IT,Agent 20,Resolved,3.2,Met,5
INC13829,08-04-2025,Hardware,Critical,IT,Agent 07,Resolved,8,Breached,5
INC10585,08-04-2025,Database,Low,Operations,Agent 05,Resolved,37.5,Met,2
INC14122,09-04-2025,Database,Medium,Finance,Agent 14,Resolved,16.8,Met,4
INC10416,09-04-2025,Software,Medium,Sales,Agent 17,Reopened,32,Breached,4
INC10200,09-04-2025,Software,Low,HR,Agent 03,Resolved,18.8,Met,5
INC12555,09-04-2025,Access,Medium,Operations,Agent 07,Reopened,9,Met,5
INC10255,09-04-2025,Software,Medium,Marketing,Agent 14,Resolved,23.3,Met,4
INC11158,09-04-2025,Software,High,Finance,Agent 08,Resolved,7.3,Met,4
INC10391,09-04-2025,Email,High,Sales,Agent 10,Resolved,19.1,Breached,2
INC10262,09-04-2025,Software,Low,Customer Service,Agent 16,Resolved,15.7,Met,2
INC14812,09-04-2025,Network,Low,Marketing,Agent 19,Resolved,31.2,Met,5
INC10544,09-04-2025,Access,Critical,Marketing,Agent 05,Resolved,1.9,Met,5
INC11278,09-04-2025,Email,Medium,IT,Agent 08,Resolved,18,Met,4
INC13203,10-04-2025,Database,High,Operations,Agent 10,Resolved,5.5,Met,5
INC11433,10-04-2025,Database,Critical,HR,Agent 06,Resolved,10,Breached,3
INC14509,11-04-2025,Software,Medium,Sales,Agent 09,Resolved,22,Met,4
INC12018,11-04-2025,Software,High,Marketing,Agent 15,Resolved,11.9,Met,4
INC12735,11-04-2025,Software,Low,Customer Service,Agent 01,Resolved,9.6,Met,5
INC14708,11-04-2025,Software,Low,IT,Agent 20,Resolved,36.2,Met,4
INC11743,11-04-2025,Email,Medium,Customer Service,Agent 14,Resolved,6.6,Met,5
INC12728,11-04-2025,Database,Low,IT,Agent 20,Resolved,32.5,Met,5
INC13687,11-04-2025,Database,Low,Operations,Agent 14,Resolved,16.3,Met,4
INC11814,11-04-2025,Access,Critical,Operations,Agent 01,Resolved,4.1,Breached,5
INC12780,12-04-2025,Software,Low,Marketing,Agent 03,Resolved,104.2,Breached,5
INC11340,12-04-2025,Network,Low,Sales,Agent 19,Resolved,85.6,Breached,4
INC11569,12-04-2025,Security,Critical,Operations,Agent 02,Resolved,3.4,Met,5
INC12219,12-04-2025,Network,Low,HR,Agent 02,Resolved,8.1,Met,5
INC12580,12-04-2025,Network,Low,Operations,Agent 15,Resolved,17.6,Met,4
INC11670,12-04-2025,Network,Medium,Finance,Agent 06,Resolved,8.4,Met,1
INC11355,13-04-2025,Security,High,Finance,Agent 14,Resolved,11.3,Met,5
INC13404,13-04-2025,Database,Medium,IT,Agent 01,Resolved,14.1,Met,4
INC12410,13-04-2025,Security,High,HR,Agent 03,Resolved,10,Met,1
INC14053,13-04-2025,Network,Medium,IT,Agent 01,Resolved,20.5,Met,3
INC10582,13-04-2025,Access,Low,Sales,Agent 01,Resolved,21.7,Met,4
INC10307,13-04-2025,Software,Low,Marketing,Agent 14,Resolved,22.5,Met,4
INC13060,14-04-2025,Access,Medium,HR,Agent 01,Resolved,21.2,Met,4
INC12194,14-04-2025,Hardware,Low,Marketing,Agent 13,Resolved,21.2,Met,5
INC12632,14-04-2025,Network,High,Operations,Agent 14,Resolved,4.9,Met,4
INC14314,14-04-2025,Access,Critical,Sales,Agent 07,Resolved,5.9,Breached,4
INC10781,14-04-2025,Security,Low,IT,Agent 08,Resolved,47.3,Met,5
INC13861,14-04-2025,Email,High,Customer Service,Agent 06,Resolved,23.3,Breached,5
INC12556,14-04-2025,Database,Critical,Marketing,Agent 03,Resolved,5.3,Breached,5
INC12833,14-04-2025,Security,High,Finance,Agent 11,Resolved,14.9,Breached,5
INC10276,14-04-2025,Access,High,Sales,Agent 08,Resolved,1.6,Met,5
INC10209,14-04-2025,Access,High,IT,Agent 12,Resolved,3.5,Met,5
INC13878,15-04-2025,Hardware,High,Finance,Agent 13,Resolved,10.7,Met,4
INC12427,15-04-2025,Network,Medium,Finance,Agent 16,Resolved,48.5,Breached,5
INC11858,15-04-2025,Hardware,Medium,Marketing,Agent 14,Resolved,2.9,Met,4
INC13916,15-04-2025,Hardware,High,IT,Agent 09,Resolved,6.1,Met,3
INC14810,16-04-2025,Software,Medium,Operations,Agent 13,Resolved,16.1,Met,5
INC10057,16-04-2025,Network,Critical,HR,Agent 03,Resolved,0.5,Met,4
INC14078,16-04-2025,Email,Medium,Operations,Agent 15,Resolved,7.4,Met,5
INC10595,16-04-2025,Security,High,Finance,Agent 05,Resolved,7.2,Met,2
INC11606,16-04-2025,Email,High,HR,Agent 03,Resolved,6.4,Met,3
INC10313,16-04-2025,Software,High,Customer Service,Agent 19,Resolved,1.6,Met,5
INC11472,17-04-2025,Network,Medium,Operations,Agent 18,Resolved,28.5,Breached,5
INC10642,17-04-2025,Access,Medium,Customer Service,Agent 08,Resolved,2.4,Met,1
INC10004,17-04-2025,Email,Medium,Operations,Agent 18,Resolved,38.9,Breached,5
INC12458,17-04-2025,Network,Medium,HR,Agent 06,Resolved,14.3,Met,3
INC13190,18-04-2025,Software,Medium,Customer Service,Agent 19,Reopened,19.1,Met,5
INC13966,18-04-2025,Access,Medium,Operations,Agent 09,Reopened,10.9,Met,5
INC11037,18-04-2025,Database,High,Marketing,Agent 03,Resolved,22.4,Breached,4
INC11980,18-04-2025,Network,Medium,Marketing,Agent 16,Resolved,36,Breached,5
INC11615,18-04-2025,Hardware,High,HR,Agent 15,Resolved,3.9,Met,3
INC14238,18-04-2025,Software,High,IT,Agent 13,Resolved,10.3,Met,2
INC11650,18-04-2025,Email,High,Operations,Agent 13,Resolved,17.5,Breached,4
INC14494,18-04-2025,Software,Low,HR,Agent 09,Resolved,28.7,Met,4
INC12526,19-04-2025,Security,Medium,Marketing,Agent 11,Resolved,51.9,Breached,5
INC12983,19-04-2025,Email,Medium,Operations,Agent 04,Resolved,23.9,Met,5
INC12538,19-04-2025,Software,Medium,HR,Agent 12,Resolved,5.9,Met,3
INC10977,19-04-2025,Network,Medium,Sales,Agent 12,Resolved,3.9,Met,4
INC12973,19-04-2025,Software,Medium,Finance,Agent 03,Resolved,25.3,Breached,5
INC12050,19-04-2025,Network,Low,Marketing,Agent 04,Reopened,25.5,Met,3
INC13337,19-04-2025,Hardware,High,HR,Agent 19,Resolved,5.6,Met,5
INC10424,19-04-2025,Network,Low,Customer Service,Agent 04,Resolved,86.4,Breached,3
INC13082,19-04-2025,Access,Low,Marketing,Agent 16,Resolved,10.4,Met,5
INC12405,19-04-2025,Access,Medium,Customer Service,Agent 07,Resolved,13.3,Met,4
INC13796,19-04-2025,Access,High,HR,Agent 07,Resolved,8.5,Met,4
INC12214,19-04-2025,Email,Low,Finance,Agent 02,Resolved,23,Met,5
INC14324,19-04-2025,Hardware,Medium,Finance,Agent 08,Resolved,26.4,Breached,5
INC13677,20-04-2025,Software,Medium,IT,Agent 10,Resolved,14.6,Met,5
INC12550,21-04-2025,Network,Critical,Marketing,Agent 05,Resolved,4.6,Breached,5
INC14834,21-04-2025,Access,Medium,Customer Service,Agent 18,Resolved,19.4,Met,5
INC13975,21-04-2025,Software,High,Customer Service,Agent 07,Resolved,3,Met,4
INC14643,21-04-2025,Network,Medium,Operations,Agent 02,Reopened,10.6,Met,4
INC12659,21-04-2025,Network,Medium,Marketing,Agent 18,Resolved,12.7,Met,5
INC14351,21-04-2025,Access,Medium,Marketing,Agent 07,Resolved,6.8,Met,5
INC11375,21-04-2025,Access,Medium,Operations,Agent 13,Resolved,32.2,Breached,5
INC13052,21-04-2025,Access,High,Marketing,Agent 19,Resolved,4.6,Met,4
INC10610,21-04-2025,Network,High,Sales,Agent 01,Resolved,5.4,Met,4
INC11985,21-04-2025,Email,Critical,Operations,Agent 08,Resolved,3.2,Met,1
INC14373,21-04-2025,Access,High,Operations,Agent 02,Resolved,3,Met,3
INC12784,21-04-2025,Email,High,Operations,Agent 11,Resolved,35.7,Breached,5
INC13253,21-04-2025,Software,Medium,Sales,Agent 14,Resolved,15.3,Met,5
INC13801,21-04-2025,Hardware,Medium,Finance,Agent 14,Resolved,11.2,Met,5
INC10212,22-04-2025,Database,Low,Sales,Agent 15,Resolved,42,Met,2
INC13941,22-04-2025,Software,Critical,Sales,Agent 03,Resolved,7.8,Breached,2
INC14705,22-04-2025,Software,Low,Customer Service,Agent 09,Resolved,47.1,Met,3
INC12149,22-04-2025,Software,High,Operations,Agent 13,Reopened,14.6,Breached,4
INC14865,22-04-2025,Access,High,Sales,Agent 04,Resolved,6.2,Met,4
INC12987,22-04-2025,Network,High,HR,Agent 12,Resolved,3.4,Met,5
INC13028,22-04-2025,Hardware,Medium,Sales,Agent 11,Resolved,31,Breached,4
INC13710,22-04-2025,Network,Medium,Sales,Agent 20,Resolved,4.3,Met,5
INC12003,22-04-2025,Network,Low,Sales,Agent 14,Resolved,8.6,Met,5
INC11005,23-04-2025,Software,High,Operations,Agent 09,Resolved,3.5,Met,5
INC10150,23-04-2025,Hardware,Medium,Marketing,Agent 20,Resolved,6.9,Met,3
INC10152,23-04-2025,Network,High,Marketing,Agent 01,Reopened,6.6,Met,4
INC12423,23-04-2025,Software,Medium,HR,Agent 17,Resolved,8,Met,4
INC14592,23-04-2025,Software,Medium,Operations,Agent 02,Resolved,2.9,Met,5
INC14097,23-04-2025,Hardware,High,HR,Agent 09,Resolved,16.3,Breached,4
INC10732,23-04-2025,Hardware,Medium,HR,Agent 06,Resolved,21.9,Met,4
INC12063,23-04-2025,Email,Low,Marketing,Agent 12,Resolved,11.8,Met,5
INC12617,23-04-2025,Software,Low,Customer Service,Agent 01,Resolved,32.1,Met,2
INC13127,23-04-2025,Software,High,Sales,Agent 19,Resolved,8.7,Met,5
INC11232,23-04-2025,Security,Medium,Customer Service,Agent 17,Resolved,10.7,Met,1
INC13912,23-04-2025,Hardware,Low,Sales,Agent 13,Resolved,10.7,Met,5
INC11942,23-04-2025,Network,Low,HR,Agent 20,Resolved,34.1,Met,4
INC13591,23-04-2025,Database,Medium,Sales,Agent 03,Resolved,26.4,Breached,4
INC11728,24-04-2025,Email,Medium,Sales,Agent 17,Resolved,16.2,Met,5
INC10903,24-04-2025,Access,Medium,Customer Service,Agent 13,Resolved,7,Met,4
INC12957,24-04-2025,Access,Critical,Sales,Agent 13,Resolved,5.2,Breached,1
INC14642,24-04-2025,Email,Low,Marketing,Agent 10,Resolved,47,Met,4
INC11192,24-04-2025,Access,Medium,Operations,Agent 13,Resolved,9.1,Met,5
INC14853,25-04-2025,Hardware,Low,IT,Agent 05,Resolved,5.6,Met,3
INC11198,25-04-2025,Access,Medium,Operations,Agent 09,Resolved,26.2,Breached,3
INC10379,25-04-2025,Software,Critical,Customer Service,Agent 15,Resolved,6.9,Breached,5
INC10963,25-04-2025,Network,Low,Customer Service,Agent 16,Resolved,17.2,Met,4
INC12282,25-04-2025,Hardware,Medium,Finance,Agent 04,Resolved,29.5,Breached,5
INC13363,25-04-2025,Database,Low,Customer Service,Agent 03,Resolved,26.1,Met,1
INC13858,25-04-2025,Hardware,Medium,Sales,Agent 14,Resolved,17.8,Met,5
INC12953,26-04-2025,Software,Medium,Sales,Agent 17,Resolved,10.2,Met,5
INC14894,26-04-2025,Access,Low,Finance,Agent 10,Resolved,80.3,Breached,5
INC11354,26-04-2025,Network,Medium,HR,Agent 01,Resolved,11.4,Met,1
INC13440,26-04-2025,Access,Medium,Customer Service,Agent 11,Resolved,25.6,Breached,2
INC14120,26-04-2025,Email,Medium,HR,Agent 16,Resolved,15.2,Met,5
INC14410,26-04-2025,Software,High,Customer Service,Agent 03,Resolved,2.7,Met,1
INC12593,26-04-2025,Network,Medium,Marketing,Agent 20,Resolved,56.8,Breached,2
INC11695,26-04-2025,Access,Medium,Customer Service,Agent 06,Resolved,32.5,Breached,4
INC10484,27-04-2025,Hardware,Medium,IT,Agent 08,Resolved,20.8,Met,5
INC14521,27-04-2025,Hardware,Low,IT,Agent 04,Resolved,21.7,Met,2
INC12054,27-04-2025,Email,Medium,Marketing,Agent 16,Resolved,6.9,Met,3
INC11420,27-04-2025,Access,High,Customer Service,Agent 12,Resolved,7.9,Met,3
INC11776,27-04-2025,Security,Medium,Operations,Agent 19,Resolved,24.3,Breached,4
INC14784,27-04-2025,Network,Low,Customer Service,Agent 09,Resolved,100.2,Breached,3
INC11325,27-04-2025,Hardware,Medium,Sales,Agent 07,Resolved,24.6,Breached,4
INC10854,27-04-2025,Access,Medium,Marketing,Agent 13,Reopened,10.3,Met,5
INC12432,28-04-2025,Email,High,Finance,Agent 05,Resolved,14.6,Breached,4
INC10718,28-04-2025,Security,Medium,Customer Service,Agent 05,Resolved,42.3,Breached,5
INC14409,28-04-2025,Network,High,Customer Service,Agent 06,Resolved,5.5,Met,2
INC10802,28-04-2025,Hardware,High,IT,Agent 20,Resolved,12.7,Breached,1
INC12475,28-04-2025,Software,Critical,Sales,Agent 02,Resolved,2.8,Met,5
INC13137,28-04-2025,Database,Low,Customer Service,Agent 20,Resolved,63.4,Breached,5
INC14636,28-04-2025,Email,High,HR,Agent 14,Resolved,2.6,Met,5
INC13371,28-04-2025,Access,Medium,IT,Agent 18,Resolved,1.1,Met,2
INC11630,28-04-2025,Hardware,Medium,Operations,Agent 07,Reopened,56.3,Breached,5
INC10324,28-04-2025,Network,Medium,Finance,Agent 07,Resolved,25.5,Breached,4
INC10729,28-04-2025,Hardware,Medium,IT,Agent 04,Resolved,4.2,Met,1
INC12066,28-04-2025,Network,High,Operations,Agent 16,Resolved,16.3,Breached,5
INC12775,28-04-2025,Hardware,Medium,Customer Service,Agent 02,Reopened,35.9,Breached,3
INC10532,29-04-2025,Email,Low,Finance,Agent 20,Resolved,37,Met,4
INC11527,29-04-2025,Network,Medium,Marketing,Agent 11,Resolved,5.7,Met,4
INC12034,29-04-2025,Access,Medium,Marketing,Agent 16,Resolved,33.3,Breached,5
INC12794,29-04-2025,Hardware,Low,Operations,Agent 13,Reopened,21.2,Met,1
INC11486,29-04-2025,Network,High,Marketing,Agent 03,Resolved,19.3,Breached,4
INC13867,29-04-2025,Software,Medium,Sales,Agent 02,Resolved,22.2,Met,3
INC11167,30-04-2025,Database,Low,Sales,Agent 01,Resolved,33.3,Met,5
INC13761,30-04-2025,Hardware,Low,IT,Agent 04,Resolved,7.9,Met,4
INC11861,30-04-2025,Hardware,Low,Marketing,Agent 13,Resolved,41.3,Met,3
INC11471,01-05-2025,Hardware,High,Finance,Agent 18,Resolved,13.2,Breached,3
INC13306,01-05-2025,Network,Medium,IT,Agent 06,Resolved,23.5,Met,3
INC14130,01-05-2025,Network,Medium,Customer Service,Agent 13,Resolved,95.8,Breached,4
INC10513,02-05-2025,Access,Medium,Operations,Agent 11,Resolved,9.7,Met,5
INC14022,02-05-2025,Software,High,Marketing,Agent 10,Reopened,7.2,Met,2
INC11395,02-05-2025,Access,Medium,Customer Service,Agent 09,Resolved,4.7,Met,3
INC11943,02-05-2025,Software,Medium,Operations,Agent 10,Resolved,5.6,Met,1
INC13453,02-05-2025,Security,Medium,Sales,Agent 17,Resolved,5.3,Met,4
INC10007,02-05-2025,Security,Critical,Operations,Agent 06,Resolved,2.9,Met,2
INC11359,02-05-2025,Access,Low,Customer Service,Agent 07,Resolved,17.8,Met,3
INC12873,02-05-2025,Security,High,Marketing,Agent 12,Resolved,13.4,Breached,5
INC12514,02-05-2025,Network,Critical,Operations,Agent 05,Resolved,4.4,Breached,5
INC10165,03-05-2025,Software,High,Operations,Agent 12,Resolved,3.4,Met,4
INC14311,03-05-2025,Software,High,HR,Agent 15,Resolved,7.6,Met,4
INC11593,04-05-2025,Network,Medium,HR,Agent 18,Resolved,11.3,Met,3
INC13126,04-05-2025,Email,High,Operations,Agent 01,Resolved,17.7,Breached,5
INC12829,04-05-2025,Access,Medium,Marketing,Agent 08,Resolved,23.5,Met,2
INC14164,04-05-2025,Hardware,Medium,IT,Agent 16,Resolved,55.6,Breached,4
INC12266,04-05-2025,Network,Medium,Sales,Agent 07,Resolved,42.2,Breached,5
INC10173,04-05-2025,Access,Low,Customer Service,Agent 13,Resolved,10.9,Met,3
INC12074,04-05-2025,Database,Low,Sales,Agent 20,Resolved,32.4,Met,3
INC12517,04-05-2025,Hardware,Low,Marketing,Agent 16,Resolved,28.3,Met,3
INC11184,04-05-2025,Network,Low,HR,Agent 04,Resolved,56,Breached,4
INC10297,05-05-2025,Email,High,Operations,Agent 09,Resolved,12.8,Breached,5
INC13575,05-05-2025,Software,Low,Customer Service,Agent 08,Resolved,2.3,Met,5
INC12908,05-05-2025,Email,High,Sales,Agent 08,Resolved,7.7,Met,4
INC12515,05-05-2025,Network,Critical,HR,Agent 02,Resolved,6.6,Breached,3
INC14291,05-05-2025,Software,High,Sales,Agent 15,Resolved,12.6,Breached,5
INC14972,05-05-2025,Email,Low,Finance,Agent 12,Resolved,15.7,Met,5
INC14101,05-05-2025,Software,Medium,Sales,Agent 20,Resolved,10.7,Met,4
INC14054,05-05-2025,Access,Low,HR,Agent 04,Resolved,14.9,Met,5
INC12510,05-05-2025,Security,Medium,IT,Agent 09,Resolved,30,Breached,5
INC13129,06-05-2025,Hardware,High,Marketing,Agent 13,Resolved,0.5,Met,4
INC14732,06-05-2025,Access,High,Sales,Agent 13,Resolved,18.5,Breached,4
INC14661,06-05-2025,Software,High,Customer Service,Agent 09,Resolved,9.7,Met,3
INC14847,06-05-2025,Network,High,Sales,Agent 16,Resolved,8.3,Met,4
INC12490,06-05-2025,Software,Medium,Marketing,Agent 12,Resolved,28.2,Breached,5
INC13369,07-05-2025,Network,Low,Finance,Agent 20,Resolved,40.9,Met,5
INC10319,07-05-2025,Hardware,High,IT,Agent 02,Resolved,10.1,Met,2
INC13782,07-05-2025,Network,Critical,HR,Agent 03,Resolved,1.3,Met,3
INC11387,07-05-2025,Network,High,IT,Agent 04,Resolved,10.4,Met,4
INC10833,07-05-2025,Software,Medium,Finance,Agent 04,Resolved,19.1,Met,3
INC12629,07-05-2025,Software,Medium,IT,Agent 04,Resolved,18.7,Met,5
INC12321,07-05-2025,Software,Medium,Marketing,Agent 04,Resolved,24.3,Breached,5
INC12399,07-05-2025,Software,Low,Finance,Agent 09,Resolved,33.3,Met,2
INC10962,08-05-2025,Hardware,High,HR,Agent 16,Resolved,10.6,Met,3
INC11783,08-05-2025,Software,Critical,HR,Agent 16,Resolved,2.1,Met,4
INC11983,08-05-2025,Access,High,Finance,Agent 04,Resolved,12.8,Breached,3
INC13707,08-05-2025,Software,Medium,HR,Agent 04,Resolved,42.4,Breached,4
INC12627,08-05-2025,Security,Low,Sales,Agent 08,Resolved,22.4,Met,5
INC13155,08-05-2025,Access,High,Marketing,Agent 09,Resolved,15.5,Breached,5
INC10980,08-05-2025,Hardware,Medium,Sales,Agent 03,Resolved,6.5,Met,4
INC11518,09-05-2025,Access,High,Marketing,Agent 01,Resolved,14.9,Breached,4
INC13517,09-05-2025,Network,Medium,Sales,Agent 18,Resolved,42.4,Breached,5
INC10080,09-05-2025,Software,Low,IT,Agent 01,Resolved,35.2,Met,2
INC13927,09-05-2025,Access,Critical,Operations,Agent 01,Resolved,4.1,Breached,5
INC13315,09-05-2025,Software,High,Marketing,Agent 12,Resolved,15.4,Breached,4
INC11989,09-05-2025,Database,Low,Sales,Agent 17,Resolved,42.8,Met,5
INC12947,09-05-2025,Network,Medium,Finance,Agent 11,Resolved,21.2,Met,2
INC11864,09-05-2025,Email,Medium,Sales,Agent 17,Resolved,2.2,Met,1
INC14947,10-05-2025,Database,High,Operations,Agent 18,Resolved,8.8,Met,4
INC11690,10-05-2025,Access,Low,Sales,Agent 15,Reopened,45.2,Met,4
INC11285,10-05-2025,Hardware,Medium,Customer Service,Agent 18,Resolved,4.9,Met,2
INC10996,10-05-2025,Hardware,Critical,Customer Service,Agent 06,Resolved,1.1,Met,4
INC11791,10-05-2025,Software,Medium,IT,Agent 10,Resolved,5.3,Met,5
INC11865,10-05-2025,Database,Medium,Finance,Agent 18,Resolved,29.8,Breached,4
INC14217,10-05-2025,Access,Medium,HR,Agent 10,Resolved,18.6,Met,3
INC10812,10-05-2025,Network,Medium,Marketing,Agent 11,Resolved,20.7,Met,2
INC14797,10-05-2025,Software,Medium,Finance,Agent 16,Resolved,5.7,Met,4
INC10158,10-05-2025,Security,Medium,IT,Agent 09,Reopened,21.1,Met,4
INC14808,10-05-2025,Email,High,IT,Agent 15,Resolved,9,Met,5
INC11448,10-05-2025,Software,High,Finance,Agent 18,Resolved,7.2,Met,5
INC11034,11-05-2025,Network,Medium,Finance,Agent 05,Resolved,26.8,Breached,4
INC10202,11-05-2025,Access,Medium,Sales,Agent 05,Resolved,15.9,Met,5
INC12241,11-05-2025,Access,Low,Sales,Agent 14,Resolved,25.1,Met,5
INC12223,11-05-2025,Software,Medium,Customer Service,Agent 14,Resolved,11.7,Met,1
INC14357,11-05-2025,Hardware,Critical,Finance,Agent 08,Resolved,2.2,Met,5
INC12127,11-05-2025,Network,Low,Sales,Agent 02,Resolved,23.1,Met,3
INC11085,11-05-2025,Software,High,IT,Agent 18,Resolved,12.6,Breached,4
INC10015,11-05-2025,Security,Medium,Marketing,Agent 12,Resolved,22.4,Met,3
INC14970,12-05-2025,Hardware,Medium,IT,Agent 12,Resolved,17.2,Met,4
INC10768,12-05-2025,Security,Medium,HR,Agent 01,Resolved,19.8,Met,3
INC12019,12-05-2025,Access,Medium,Customer Service,Agent 06,Resolved,6.6,Met,4
INC12356,12-05-2025,Software,High,Finance,Agent 04,Resolved,7.6,Met,4
INC14948,12-05-2025,Security,Medium,Marketing,Agent 03,Resolved,37.7,Breached,4
INC10457,12-05-2025,Software,Medium,Finance,Agent 08,Resolved,11.4,Met,5
INC13755,12-05-2025,Network,Medium,Marketing,Agent 19,Resolved,15.9,Met,5
INC11466,13-05-2025,Network,High,IT,Agent 20,Resolved,8.4,Met,4
INC11579,13-05-2025,Security,Medium,Marketing,Agent 02,Resolved,17.5,Met,4
INC10832,13-05-2025,Database,Medium,HR,Agent 03,Resolved,2.7,Met,5
INC10597,13-05-2025,Network,Medium,Marketing,Agent 09,Resolved,11.4,Met,4
INC10820,14-05-2025,Access,High,HR,Agent 14,Resolved,5,Met,3
INC14715,14-05-2025,Access,Medium,Finance,Agent 11,Resolved,64,Breached,5
INC14845,14-05-2025,Software,Medium,Finance,Agent 17,Resolved,1.8,Met,4
INC14540,14-05-2025,Network,Critical,IT,Agent 02,Resolved,7.3,Breached,3
INC11753,14-05-2025,Network,Medium,Operations,Agent 04,Resolved,16.3,Met,4
INC14202,15-05-2025,Access,Medium,Customer Service,Agent 14,Resolved,51.7,Breached,5
INC10224,15-05-2025,Network,Low,Customer Service,Agent 04,Resolved,19,Met,2
INC14694,15-05-2025,Software,Low,Operations,Agent 01,Reopened,5.7,Met,3
INC14527,15-05-2025,Access,Medium,Operations,Agent 12,Resolved,12.4,Met,5
INC12385,16-05-2025,Access,Medium,Sales,Agent 15,Resolved,38.9,Breached,4
INC13467,16-05-2025,Database,Medium,Finance,Agent 12,Reopened,14.5,Met,4
INC11986,16-05-2025,Security,High,Sales,Agent 07,Resolved,4.5,Met,3
INC14046,16-05-2025,Software,Low,Marketing,Agent 18,Resolved,22.4,Met,4
INC12927,17-05-2025,Network,Medium,IT,Agent 18,Resolved,51,Breached,5
INC13892,17-05-2025,Database,Low,Sales,Agent 07,Resolved,7.4,Met,3
INC11071,17-05-2025,Network,High,Operations,Agent 19,Resolved,11.9,Met,5
INC13222,17-05-2025,Email,Critical,Marketing,Agent 18,Resolved,6.3,Breached,4
INC10707,17-05-2025,Network,High,HR,Agent 18,Resolved,22.9,Breached,2
INC10850,17-05-2025,Hardware,Medium,HR,Agent 20,Resolved,37.4,Breached,5
INC13335,17-05-2025,Software,High,Finance,Agent 15,Resolved,2.7,Met,5
INC12080,18-05-2025,Access,High,Customer Service,Agent 07,Reopened,8.6,Met,4
INC14216,18-05-2025,Access,Medium,Operations,Agent 19,Resolved,6,Met,4
INC13576,18-05-2025,Software,Low,Sales,Agent 05,Resolved,2.5,Met,5
INC12782,18-05-2025,Email,Medium,IT,Agent 14,Resolved,25,Breached,3
INC13949,18-05-2025,Software,Medium,Sales,Agent 14,Resolved,25.6,Breached,4
INC10598,18-05-2025,Network,Medium,Finance,Agent 08,Resolved,32.5,Breached,2
INC10083,19-05-2025,Email,Low,Finance,Agent 05,Resolved,7.6,Met,5
INC12551,19-05-2025,Hardware,Low,Operations,Agent 16,Resolved,12.5,Met,5
INC12900,19-05-2025,Email,Medium,Sales,Agent 02,Resolved,3.7,Met,5
INC13428,19-05-2025,Software,Medium,Operations,Agent 04,Resolved,41.9,Breached,4
INC13296,19-05-2025,Software,Medium,HR,Agent 13,Resolved,6.3,Met,5
INC13841,19-05-2025,Hardware,Medium,Sales,Agent 12,Resolved,25.2,Breached,3
INC12544,19-05-2025,Access,Medium,Sales,Agent 01,Resolved,7.5,Met,4
INC10737,19-05-2025,Access,Medium,IT,Agent 09,Resolved,11.4,Met,5
INC13317,20-05-2025,Email,High,Customer Service,Agent 05,Resolved,10.3,Met,4
INC13921,20-05-2025,Database,Medium,Sales,Agent 17,Resolved,13.9,Met,5
INC13132,20-05-2025,Software,Medium,Customer Service,Agent 03,Resolved,8.1,Met,2
INC11132,20-05-2025,Access,Medium,Finance,Agent 10,Resolved,5.8,Met,3
INC13831,20-05-2025,Network,Low,Customer Service,Agent 01,Reopened,25.3,Met,2
INC12567,20-05-2025,Access,Medium,Finance,Agent 19,Resolved,52.6,Breached,5
INC10733,20-05-2025,Access,Medium,Customer Service,Agent 05,Resolved,11.1,Met,5
INC11629,21-05-2025,Email,Low,Sales,Agent 13,Resolved,25.5,Met,4
INC12716,21-05-2025,Security,Medium,Operations,Agent 02,Resolved,46.6,Breached,4
INC14034,21-05-2025,Software,High,Sales,Agent 02,Resolved,6.9,Met,3
INC13387,21-05-2025,Software,High,HR,Agent 13,Resolved,8.8,Met,4
INC11597,21-05-2025,Database,Medium,HR,Agent 15,Resolved,16.9,Met,4
INC13148,21-05-2025,Email,Medium,IT,Agent 15,Resolved,15.3,Met,3
INC14612,21-05-2025,Security,Critical,IT,Agent 15,Resolved,2.2,Met,4
INC13073,21-05-2025,Network,Medium,HR,Agent 12,Resolved,6,Met,1
INC12915,21-05-2025,Hardware,Medium,HR,Agent 15,Resolved,20.9,Met,5
INC11106,21-05-2025,Security,High,Finance,Agent 14,Resolved,0.6,Met,5
INC10827,21-05-2025,Hardware,High,Operations,Agent 06,Resolved,5.2,Met,5
INC10884,21-05-2025,Software,Medium,Sales,Agent 20,Reopened,19.2,Met,5
INC14318,22-05-2025,Network,Medium,Customer Service,Agent 12,Resolved,11.7,Met,5
INC12379,22-05-2025,Email,Medium,Customer Service,Agent 18,Resolved,5.3,Met,4
INC11124,22-05-2025,Hardware,High,Finance,Agent 15,Resolved,27.9,Breached,4
INC13817,23-05-2025,Software,High,Finance,Agent 08,Resolved,3.7,Met,4
INC14769,23-05-2025,Software,Medium,HR,Agent 04,Resolved,29.1,Breached,5
INC11360,23-05-2025,Hardware,High,Operations,Agent 09,Resolved,9.2,Met,5
INC10777,23-05-2025,Hardware,Critical,Marketing,Agent 18,Resolved,15.2,Breached,4
INC13936,23-05-2025,Software,Medium,Finance,Agent 04,Resolved,38.6,Breached,5
INC11740,23-05-2025,Database,Medium,HR,Agent 20,Resolved,20.1,Met,5
INC10292,23-05-2025,Software,Medium,HR,Agent 03,Resolved,28.7,Breached,5
INC12271,23-05-2025,Email,Low,Sales,Agent 03,Resolved,12.7,Met,3
INC14833,24-05-2025,Access,Low,Finance,Agent 12,Resolved,11.5,Met,3
INC11605,24-05-2025,Software,Low,Customer Service,Agent 02,Resolved,51.9,Breached,3
INC13638,24-05-2025,Software,Medium,IT,Agent 10,Reopened,20.4,Met,4
INC13415,24-05-2025,Security,High,Marketing,Agent 18,Resolved,10.7,Met,5
INC14546,24-05-2025,Email,Low,Sales,Agent 14,Resolved,116.4,Breached,5
INC14818,24-05-2025,Software,High,Finance,Agent 03,Resolved,5.5,Met,5
INC14220,24-05-2025,Software,High,Customer Service,Agent 05,Resolved,2.5,Met,5
INC10414,24-05-2025,Network,Medium,Finance,Agent 14,Resolved,13.7,Met,1
INC14027,25-05-2025,Network,Medium,Customer Service,Agent 19,Resolved,19.4,Met,4
INC10521,25-05-2025,Hardware,Low,Finance,Agent 07,Resolved,21.2,Met,5
INC11163,25-05-2025,Database,Critical,Sales,Agent 10,Resolved,7.6,Breached,4
INC10677,25-05-2025,Software,Medium,IT,Agent 14,Resolved,11,Met,4
INC11532,25-05-2025,Database,Medium,Customer Service,Agent 17,Resolved,28.2,Breached,4
INC10778,25-05-2025,Hardware,Low,HR,Agent 07,Resolved,4.6,Met,4
INC10554,25-05-2025,Database,Medium,IT,Agent 16,Resolved,15.6,Met,2
INC11449,25-05-2025,Email,Low,Sales,Agent 07,Resolved,34.2,Met,3
INC13713,25-05-2025,Network,Medium,Customer Service,Agent 03,Resolved,13.5,Met,5
INC10979,26-05-2025,Network,Medium,IT,Agent 20,Resolved,8.8,Met,5
INC12062,26-05-2025,Database,Medium,Marketing,Agent 20,Resolved,15.2,Met,5
INC14070,26-05-2025,Access,Critical,Marketing,Agent 12,Resolved,1.8,Met,5
INC11646,26-05-2025,Hardware,Medium,Operations,Agent 18,Resolved,5.2,Met,5
INC10685,26-05-2025,Network,High,IT,Agent 20,Resolved,13.3,Breached,3
INC11127,26-05-2025,Software,Medium,Sales,Agent 01,Resolved,30.1,Breached,5
INC14009,26-05-2025,Hardware,Medium,Operations,Agent 08,Resolved,8.1,Met,5
INC14724,26-05-2025,Email,Medium,Operations,Agent 04,Resolved,28.9,Breached,4
INC14181,26-05-2025,Database,High,Marketing,Agent 11,Resolved,12.6,Breached,5
INC14572,27-05-2025,Security,Medium,Marketing,Agent 03,Resolved,30.5,Breached,3
INC11205,27-05-2025,Network,Medium,HR,Agent 04,Resolved,40.6,Breached,5
INC12595,27-05-2025,Network,Medium,Operations,Agent 06,Resolved,9.1,Met,5
INC13370,27-05-2025,Hardware,Low,Sales,Agent 18,Resolved,12.5,Met,4
INC12577,27-05-2025,Security,Medium,Sales,Agent 11,Resolved,58.2,Breached,5
INC14645,27-05-2025,Network,High,IT,Agent 03,Resolved,13.4,Breached,4
INC12986,27-05-2025,Hardware,Medium,Customer Service,Agent 09,Resolved,4.3,Met,4
INC10182,28-05-2025,Email,Critical,HR,Agent 04,Resolved,1.9,Met,4
INC12116,28-05-2025,Hardware,High,Finance,Agent 07,Resolved,22.6,Breached,4
INC14306,28-05-2025,Email,High,Finance,Agent 10,Resolved,4.9,Met,4
INC10878,28-05-2025,Network,Medium,Sales,Agent 17,Resolved,34.2,Breached,3
INC12483,28-05-2025,Access,Medium,Finance,Agent 06,Resolved,18.2,Met,5
INC14194,28-05-2025,Email,Medium,HR,Agent 12,Resolved,26.4,Breached,4
INC14635,28-05-2025,Software,High,Finance,Agent 04,Resolved,10.5,Met,4
INC11923,29-05-2025,Network,Medium,Operations,Agent 05,Resolved,20.6,Met,4
INC11683,29-05-2025,Access,Low,Customer Service,Agent 02,Resolved,33.3,Met,5
INC11805,29-05-2025,Network,High,Operations,Agent 12,Resolved,14.8,Breached,4
INC11001,29-05-2025,Network,Low,Marketing,Agent 15,Resolved,20.9,Met,4
INC13857,29-05-2025,Email,Low,Operations,Agent 09,Resolved,10.2,Met,4
INC13930,29-05-2025,Hardware,Low,Customer Service,Agent 08,Resolved,24.8,Met,4
INC14296,30-05-2025,Software,Medium,Customer Service,Agent 08,Resolved,13.1,Met,3
INC10298,30-05-2025,Email,Low,Operations,Agent 17,Resolved,8.8,Met,3
INC13632,30-05-2025,Database,Medium,Sales,Agent 12,Resolved,32.1,Breached,4
INC10186,31-05-2025,Access,Medium,Customer Service,Agent 08,Resolved,18.2,Met,5
INC14799,31-05-2025,Email,Medium,Operations,Agent 07,Reopened,4.9,Met,1
INC11511,31-05-2025,Access,Medium,Marketing,Agent 10,Resolved,11.6,Met,5
INC13252,31-05-2025,Email,Low,Marketing,Agent 01,Resolved,23.8,Met,4
INC11417,01-06-2025,Security,High,Marketing,Agent 15,Resolved,5.9,Met,5
INC13907,01-06-2025,Network,High,IT,Agent 13,Resolved,14.8,Breached,4
INC11637,01-06-2025,Email,Medium,Customer Service,Agent 14,Reopened,22.5,Met,4
INC14849,01-06-2025,Network,Medium,HR,Agent 01,Reopened,8.9,Met,4
INC10204,01-06-2025,Network,Critical,Customer Service,Agent 01,Resolved,3.7,Met,4
INC11318,02-06-2025,Software,Medium,HR,Agent 02,Resolved,31.3,Breached,5
INC10986,02-06-2025,Network,Critical,Finance,Agent 20,Resolved,13.3,Breached,4
INC13326,02-06-2025,Hardware,Medium,Sales,Agent 10,Resolved,21.7,Met,5
INC13053,02-06-2025,Hardware,Medium,Operations,Agent 16,Resolved,58.4,Breached,4
INC12414,02-06-2025,Software,Low,Marketing,Agent 03,Resolved,37.5,Met,5
INC10216,02-06-2025,Access,Medium,Finance,Agent 16,Resolved,13.7,Met,5
INC13182,03-06-2025,Access,Medium,Marketing,Agent 20,Resolved,32.8,Breached,5
INC13210,03-06-2025,Software,Low,Sales,Agent 13,Resolved,18.5,Met,4
INC10332,03-06-2025,Hardware,High,Customer Service,Agent 10,Resolved,4.4,Met,2
INC12704,03-06-2025,Security,Medium,Customer Service,Agent 12,Resolved,11.8,Met,4
INC12025,03-06-2025,Hardware,High,Marketing,Agent 12,Resolved,8.4,Met,1
INC12295,03-06-2025,Hardware,Medium,Finance,Agent 14,Resolved,29.5,Breached,4
INC12977,03-06-2025,Hardware,Medium,HR,Agent 17,Resolved,25.4,Breached,5
INC14765,03-06-2025,Software,Medium,Finance,Agent 01,Reopened,18.9,Met,5
INC12959,03-06-2025,Access,High,HR,Agent 06,Resolved,4.5,Met,5
INC13597,04-06-2025,Security,High,Operations,Agent 05,Resolved,3,Met,4
INC14840,04-06-2025,Security,High,HR,Agent 02,Resolved,8.8,Met,5
INC12937,04-06-2025,Email,High,Sales,Agent 20,Resolved,16.5,Breached,4
INC11826,04-06-2025,Software,High,Operations,Agent 11,Resolved,6.8,Met,5
INC14620,04-06-2025,Network,High,Sales,Agent 16,Reopened,9.1,Met,5
INC10273,04-06-2025,Network,Medium,Marketing,Agent 12,Resolved,13.6,Met,5
INC14515,04-06-2025,Email,Medium,Operations,Agent 04,Resolved,7.5,Met,2
INC12504,04-06-2025,Software,Medium,IT,Agent 12,Resolved,32.5,Breached,5
INC11603,05-06-2025,Hardware,High,IT,Agent 14,Resolved,3,Met,1
INC12931,05-06-2025,Email,High,Marketing,Agent 03,Resolved,30.6,Breached,3
INC12795,05-06-2025,Software,High,Customer Service,Agent 01,Resolved,30,Breached,5
INC12262,05-06-2025,Software,Medium,IT,Agent 12,Resolved,10.1,Met,5
INC14477,05-06-2025,Access,High,Sales,Agent 02,Resolved,2.8,Met,5
INC11807,05-06-2025,Network,Medium,IT,Agent 14,Resolved,26.6,Breached,4
INC13625,05-06-2025,Access,Medium,Finance,Agent 19,Resolved,27.1,Breached,2
INC12468,05-06-2025,Access,High,Marketing,Agent 16,Resolved,8.4,Met,5
INC12244,05-06-2025,Access,High,IT,Agent 01,Reopened,9.4,Met,5
INC10075,06-06-2025,Hardware,Critical,Customer Service,Agent 03,Resolved,2.4,Met,2
INC14962,06-06-2025,Hardware,High,Marketing,Agent 11,Resolved,2.9,Met,2
INC10809,06-06-2025,Hardware,High,Sales,Agent 06,Resolved,3.1,Met,4
INC10793,06-06-2025,Email,High,Customer Service,Agent 11,Resolved,11.8,Met,5
INC12824,06-06-2025,Access,Low,Customer Service,Agent 14,Resolved,7.6,Met,2
INC10807,06-06-2025,Network,Medium,Sales,Agent 02,Resolved,53.5,Breached,5
INC11750,07-06-2025,Security,Medium,Operations,Agent 03,Reopened,23.1,Met,5
INC10960,07-06-2025,Access,Low,Marketing,Agent 01,Resolved,6.2,Met,4
INC14685,07-06-2025,Network,High,Finance,Agent 14,Resolved,3.4,Met,3
INC14206,08-06-2025,Email,High,Sales,Agent 12,Resolved,5.4,Met,5
INC12044,08-06-2025,Hardware,Low,Sales,Agent 12,Resolved,16.6,Met,4
INC11617,08-06-2025,Access,Low,Operations,Agent 15,Resolved,26.5,Met,5
INC14048,08-06-2025,Hardware,Medium,HR,Agent 04,Resolved,9.5,Met,5
INC10803,08-06-2025,Email,Low,Customer Service,Agent 02,Reopened,5.2,Met,5
INC11410,08-06-2025,Software,Medium,Finance,Agent 10,Resolved,15.2,Met,2
INC11546,08-06-2025,Hardware,High,Sales,Agent 01,Resolved,2.4,Met,5
INC11926,09-06-2025,Hardware,High,Sales,Agent 09,Resolved,1.2,Met,5
INC11655,09-06-2025,Software,High,HR,Agent 11,Resolved,4.8,Met,2
INC14269,09-06-2025,Network,Medium,Finance,Agent 17,Resolved,17.6,Met,4
INC11682,09-06-2025,Software,High,IT,Agent 13,Resolved,1.3,Met,5
INC10361,09-06-2025,Network,Low,Marketing,Agent 11,Resolved,21.8,Met,2
INC10118,09-06-2025,Hardware,Medium,Finance,Agent 15,Reopened,55.5,Breached,4
INC12685,09-06-2025,Email,High,HR,Agent 08,Resolved,3.3,Met,5
INC10197,09-06-2025,Access,Medium,HR,Agent 20,Resolved,43.1,Breached,5
INC13264,10-06-2025,Hardware,Medium,HR,Agent 19,Resolved,24.3,Breached,5
INC11095,10-06-2025,Software,High,HR,Agent 16,Resolved,12.8,Breached,2
INC11491,10-06-2025,Security,Low,IT,Agent 07,Resolved,16.4,Met,1
INC10266,10-06-2025,Network,Medium,Finance,Agent 17,Resolved,8.2,Met,2
INC14520,10-06-2025,Security,High,Finance,Agent 03,Resolved,2.9,Met,4
INC12067,10-06-2025,Hardware,High,Finance,Agent 11,Reopened,12.5,Breached,5
INC12889,10-06-2025,Access,Low,Finance,Agent 19,Resolved,39.5,Met,4
INC12133,10-06-2025,Email,Critical,IT,Agent 11,Resolved,1.1,Met,4
INC11723,10-06-2025,Hardware,Critical,HR,Agent 13,Resolved,11.5,Breached,5
INC10023,10-06-2025,Network,Medium,Finance,Agent 18,Resolved,15,Met,4
INC11544,10-06-2025,Network,Medium,Sales,Agent 15,Resolved,27.2,Breached,4
INC10219,10-06-2025,Network,Medium,Sales,Agent 06,Resolved,14.5,Met,3
INC13527,10-06-2025,Security,Critical,Sales,Agent 18,Resolved,3.8,Met,3
INC13045,11-06-2025,Software,High,Finance,Agent 06,Resolved,5.9,Met,3
INC10060,11-06-2025,Access,Medium,Sales,Agent 01,Resolved,9.2,Met,5
INC12043,11-06-2025,Software,Medium,Sales,Agent 16,Resolved,21.4,Met,4
INC12217,11-06-2025,Software,Critical,Operations,Agent 18,Resolved,3.4,Met,2
INC12756,11-06-2025,Software,Medium,Sales,Agent 05,Resolved,5.5,Met,2
INC12364,11-06-2025,Access,High,Sales,Agent 11,Reopened,3.7,Met,4
INC12650,11-06-2025,Network,High,Marketing,Agent 12,Resolved,17.5,Breached,5
INC10908,11-06-2025,Email,Critical,Finance,Agent 08,Resolved,2,Met,4
INC13918,11-06-2025,Network,Critical,Sales,Agent 14,Resolved,2.3,Met,5
INC11300,11-06-2025,Access,High,Operations,Agent 19,Resolved,7.2,Met,4
INC11452,12-06-2025,Access,Critical,Customer Service,Agent 11,Resolved,1.4,Met,2
INC14208,12-06-2025,Network,Medium,HR,Agent 09,Resolved,1.3,Met,5
INC10218,12-06-2025,Hardware,Medium,Finance,Agent 07,Resolved,6.6,Met,1
INC12613,12-06-2025,Hardware,Medium,Finance,Agent 16,Resolved,43.6,Breached,1
INC12589,12-06-2025,Email,Critical,Customer Service,Agent 16,Reopened,4.6,Breached,3
INC10430,12-06-2025,Access,High,IT,Agent 17,Resolved,19.3,Breached,4
INC13990,12-06-2025,Access,High,HR,Agent 18,Resolved,4.8,Met,4
INC11845,13-06-2025,Hardware,Low,Operations,Agent 17,Resolved,50.4,Breached,1
INC14789,13-06-2025,Email,High,Finance,Agent 02,Resolved,5.7,Met,5
INC12998,13-06-2025,Access,Medium,Finance,Agent 13,Resolved,6,Met,5
INC14305,13-06-2025,Network,Low,Finance,Agent 06,Reopened,40.6,Met,5
INC13223,13-06-2025,Hardware,Medium,Finance,Agent 11,Resolved,11.2,Met,5
INC12190,13-06-2025,Email,High,Operations,Agent 01,Resolved,24.2,Breached,5
INC13272,13-06-2025,Software,Medium,Operations,Agent 10,Resolved,17.6,Met,4
INC14179,13-06-2025,Software,Low,HR,Agent 14,Resolved,21.6,Met,4
INC14955,14-06-2025,Hardware,Low,Marketing,Agent 16,Resolved,11.2,Met,4
INC10763,14-06-2025,Software,High,Operations,Agent 04,Resolved,17.9,Breached,5
INC10934,14-06-2025,Email,Low,Customer Service,Agent 04,Resolved,11,Met,3
INC12558,14-06-2025,Network,Medium,Operations,Agent 12,Resolved,20.4,Met,4
INC10446,14-06-2025,Software,Medium,HR,Agent 15,Resolved,29.5,Breached,5
INC11474,14-06-2025,Software,Medium,Finance,Agent 12,Resolved,18,Met,2
INC14174,14-06-2025,Software,High,Sales,Agent 14,Resolved,11.7,Met,5
INC12530,14-06-2025,Software,Low,Sales,Agent 03,Resolved,56.4,Breached,1
INC13180,15-06-2025,Network,Low,HR,Agent 12,Resolved,63.6,Breached,3
INC10591,15-06-2025,Software,High,HR,Agent 09,Resolved,9.6,Met,4
INC13987,15-06-2025,Email,Medium,Operations,Agent 16,Resolved,25.5,Breached,5
INC13692,15-06-2025,Access,High,HR,Agent 10,Resolved,8.2,Met,2
INC13624,15-06-2025,Email,Medium,Sales,Agent 02,Resolved,3.9,Met,5
INC13563,15-06-2025,Hardware,Low,Sales,Agent 09,Reopened,12.2,Met,2
INC11357,15-06-2025,Hardware,Medium,Sales,Agent 03,Resolved,10.8,Met,4
INC12752,15-06-2025,Hardware,High,Marketing,Agent 09,Resolved,7.7,Met,2
INC13231,15-06-2025,Access,Medium,HR,Agent 16,Resolved,6.3,Met,4
INC10463,16-06-2025,Access,Low,Finance,Agent 06,Resolved,41.9,Met,4
INC11672,16-06-2025,Software,Low,Finance,Agent 09,Resolved,48.6,Breached,5
INC11644,16-06-2025,Database,Critical,Finance,Agent 01,Resolved,8.9,Breached,4
INC13067,16-06-2025,Network,High,IT,Agent 09,Resolved,32.4,Breached,5
INC10038,16-06-2025,Security,High,Marketing,Agent 02,Resolved,16.9,Breached,5
INC10744,17-06-2025,Software,Critical,IT,Agent 04,Resolved,2.6,Met,5
INC11207,17-06-2025,Access,Low,IT,Agent 20,Resolved,19.4,Met,3
INC14762,17-06-2025,Database,High,Customer Service,Agent 05,Resolved,15.5,Breached,2
INC13098,17-06-2025,Access,High,HR,Agent 05,Resolved,8.2,Met,4
INC10368,17-06-2025,Software,Critical,Operations,Agent 13,Resolved,1.4,Met,4
INC14719,17-06-2025,Software,Medium,Marketing,Agent 19,Resolved,32.8,Breached,5
INC10991,17-06-2025,Security,Medium,Operations,Agent 01,Resolved,14.2,Met,4
INC11917,18-06-2025,Hardware,High,HR,Agent 10,Resolved,2.5,Met,4
INC13023,18-06-2025,Access,Critical,Finance,Agent 19,Resolved,8.4,Breached,4
INC10441,19-06-2025,Database,Medium,Customer Service,Agent 04,Resolved,18.6,Met,5
INC13592,19-06-2025,Email,Low,Sales,Agent 07,Resolved,11.6,Met,5
INC13247,19-06-2025,Email,Low,Sales,Agent 05,Resolved,11.4,Met,5
INC12516,19-06-2025,Access,Low,HR,Agent 07,Reopened,5.7,Met,5
INC11102,19-06-2025,Network,High,IT,Agent 17,Resolved,22.5,Breached,5
INC12934,19-06-2025,Access,Medium,Finance,Agent 03,Resolved,14.8,Met,4
INC14367,20-06-2025,Access,Medium,Finance,Agent 14,Resolved,3.7,Met,2
INC12933,20-06-2025,Security,Medium,Finance,Agent 16,Resolved,33.2,Breached,4
INC14060,20-06-2025,Software,Low,Sales,Agent 03,Resolved,11.2,Met,5
INC13407,20-06-2025,Email,Low,IT,Agent 20,Resolved,9.1,Met,4
INC14992,20-06-2025,Software,Medium,Finance,Agent 04,Resolved,24.3,Breached,4
INC13815,20-06-2025,Database,Medium,Finance,Agent 16,Resolved,35.7,Breached,4
INC14047,20-06-2025,Software,High,Finance,Agent 13,Resolved,8.5,Met,2
INC14242,20-06-2025,Software,High,Finance,Agent 17,Resolved,21.1,Breached,4
INC12789,20-06-2025,Access,Critical,Customer Service,Agent 07,Resolved,1.7,Met,5
INC11691,21-06-2025,Network,High,Finance,Agent 05,Resolved,21.8,Breached,5
INC14538,21-06-2025,Hardware,Medium,IT,Agent 07,Resolved,17.5,Met,3
INC12469,21-06-2025,Software,Low,IT,Agent 05,Resolved,18.8,Met,2
INC14880,21-06-2025,Email,Medium,Marketing,Agent 15,Resolved,7.5,Met,5
INC10248,21-06-2025,Access,Medium,Customer Service,Agent 05,Resolved,2.5,Met,4
INC11939,21-06-2025,Software,Low,Operations,Agent 14,Resolved,21.9,Met,4
INC10742,21-06-2025,Network,Critical,Finance,Agent 12,Resolved,13.4,Breached,4
INC11038,21-06-2025,Software,Critical,Finance,Agent 08,Resolved,9.4,Breached,4
INC14524,21-06-2025,Database,Medium,IT,Agent 15,Resolved,46.7,Breached,1
INC11874,22-06-2025,Database,Medium,HR,Agent 19,Resolved,9.6,Met,2
INC10469,22-06-2025,Network,Medium,IT,Agent 11,Resolved,54.8,Breached,4
INC12940,22-06-2025,Access,Medium,Customer Service,Agent 04,Resolved,3.1,Met,5
INC10487,22-06-2025,Access,Medium,Finance,Agent 08,Resolved,14.9,Met,4
INC12755,22-06-2025,Hardware,Low,Operations,Agent 09,Resolved,24.6,Met,4
INC14838,22-06-2025,Network,Medium,Customer Service,Agent 19,Resolved,20.5,Met,4
INC12300,22-06-2025,Hardware,Medium,HR,Agent 07,Resolved,8.1,Met,4
INC12348,23-06-2025,Hardware,Medium,Customer Service,Agent 13,Resolved,24.5,Breached,3
INC10439,23-06-2025,Software,High,Operations,Agent 17,Resolved,16.5,Breached,5
INC12415,23-06-2025,Network,High,HR,Agent 12,Resolved,5.9,Met,4
INC10899,24-06-2025,Network,Medium,Sales,Agent 11,Reopened,11.9,Met,3
INC12724,24-06-2025,Access,Medium,HR,Agent 15,Resolved,8.2,Met,5
INC13377,24-06-2025,Access,Medium,Sales,Agent 17,Resolved,6.9,Met,5
INC14640,24-06-2025,Software,Medium,Customer Service,Agent 14,Resolved,27.7,Breached,4
INC14577,24-06-2025,Network,Medium,Finance,Agent 04,Resolved,45.2,Breached,5
INC14159,24-06-2025,Email,Low,Marketing,Agent 18,Resolved,22.1,Met,5
INC10279,25-06-2025,Network,Low,Marketing,Agent 14,Reopened,71.1,Breached,4
INC12255,25-06-2025,Network,High,Operations,Agent 08,Resolved,8.4,Met,3
INC13230,25-06-2025,Network,Medium,HR,Agent 11,Resolved,25.2,Breached,3
INC10870,26-06-2025,Access,Medium,Marketing,Agent 12,Resolved,17.5,Met,2
INC14662,26-06-2025,Access,High,Marketing,Agent 07,Resolved,1.2,Met,5
INC13777,26-06-2025,Software,Medium,HR,Agent 05,Resolved,2.9,Met,4
INC13330,26-06-2025,Software,High,HR,Agent 13,Reopened,3.4,Met,4
INC12718,26-06-2025,Hardware,Critical,Marketing,Agent 15,Resolved,1.8,Met,5
INC12142,26-06-2025,Security,Medium,Operations,Agent 07,Resolved,21.9,Met,3
INC10404,26-06-2025,Software,Medium,IT,Agent 03,Resolved,45.9,Breached,5
INC13505,27-06-2025,Software,High,Marketing,Agent 06,Resolved,21.2,Breached,4
INC12181,27-06-2025,Access,High,Customer Service,Agent 16,Resolved,7.6,Met,5
INC12687,27-06-2025,Email,Low,IT,Agent 10,Reopened,27.1,Met,3
INC11508,27-06-2025,Software,Medium,Finance,Agent 09,Resolved,11.1,Met,4
INC10913,27-06-2025,Network,Critical,HR,Agent 06,Resolved,2.6,Met,3
INC14468,27-06-2025,Hardware,Medium,Finance,Agent 14,Resolved,19.5,Met,3
INC10785,28-06-2025,Access,High,Sales,Agent 04,Reopened,13.1,Breached,4
INC14618,28-06-2025,Security,Medium,Finance,Agent 09,Resolved,10.9,Met,4
INC14801,28-06-2025,Email,Low,Customer Service,Agent 05,Resolved,24.2,Met,4
INC14550,28-06-2025,Software,Medium,HR,Agent 14,Resolved,22.8,Met,5
INC13649,28-06-2025,Network,Medium,Finance,Agent 15,Resolved,19.3,Met,4
INC10864,28-06-2025,Access,Critical,Finance,Agent 11,Resolved,2.9,Met,3
INC13122,28-06-2025,Network,Low,Finance,Agent 06,Resolved,56.8,Breached,5
INC12355,28-06-2025,Email,High,Operations,Agent 11,Resolved,5.7,Met,4
INC10352,29-06-2025,Hardware,High,Marketing,Agent 15,Reopened,11,Met,5
INC13819,29-06-2025,Software,Medium,Marketing,Agent 05,Resolved,16.5,Met,3
INC13951,29-06-2025,Hardware,Critical,Operations,Agent 20,Resolved,1.9,Met,5
INC11732,29-06-2025,Access,Low,HR,Agent 15,Resolved,40,Met,5
INC14236,30-06-2025,Database,Critical,HR,Agent 02,Resolved,4.6,Breached,3
INC10261,30-06-2025,Email,Medium,Customer Service,Agent 12,Resolved,3.9,Met,5
INC14213,30-06-2025,Software,Medium,Finance,Agent 14,Resolved,10.2,Met,4
INC13643,30-06-2025,Email,Medium,Marketing,Agent 11,Resolved,9.9,Met,2
INC14441,30-06-2025,Security,High,Finance,Agent 11,Resolved,14.6,Breached,5
INC13009,30-06-2025,Access,High,Customer Service,Agent 20,Resolved,10.5,Met,4
INC13719,30-06-2025,Network,High,Customer Service,Agent 13,Resolved,18.1,Breached,4
INC13005,30-06-2025,Database,High,IT,Agent 14,Resolved,36.5,Breached,4
INC12093,01-07-2025,Access,Low,Finance,Agent 15,Resolved,44.4,Met,4
INC14739,01-07-2025,Hardware,Medium,HR,Agent 05,Resolved,32.4,Breached,5
INC13546,01-07-2025,Email,Medium,Customer Service,Agent 11,Resolved,15.3,Met,3
INC10845,01-07-2025,Network,Low,Finance,Agent 17,Resolved,20.9,Met,3
INC10935,01-07-2025,Hardware,Low,Sales,Agent 10,Resolved,9.4,Met,5
INC12105,01-07-2025,Software,Low,Marketing,Agent 19,Resolved,51.1,Breached,5
INC10462,01-07-2025,Software,High,Customer Service,Agent 20,Resolved,1.7,Met,3
INC10865,01-07-2025,Hardware,Medium,IT,Agent 18,Resolved,8.3,Met,4
INC13925,02-07-2025,Access,High,HR,Agent 13,Resolved,14.2,Breached,3
INC14805,02-07-2025,Access,High,Customer Service,Agent 11,Resolved,15.9,Breached,4
INC10611,02-07-2025,Security,Low,Operations,Agent 19,Resolved,11.2,Met,3
INC11850,02-07-2025,Network,Low,Operations,Agent 19,Resolved,12.6,Met,4
INC12394,02-07-2025,Email,Low,Customer Service,Agent 01,Resolved,15.5,Met,5
INC12060,02-07-2025,Email,High,Sales,Agent 07,Reopened,10.1,Met,5
INC13083,02-07-2025,Network,Low,Customer Service,Agent 19,Resolved,33.5,Met,5
INC11935,02-07-2025,Hardware,Critical,HR,Agent 17,Reopened,5.6,Breached,5
INC11087,02-07-2025,Software,Medium,Sales,Agent 04,Resolved,15.6,Met,5
INC10164,03-07-2025,Network,Medium,HR,Agent 12,Resolved,4.6,Met,3
INC10599,03-07-2025,Network,High,Sales,Agent 19,Resolved,5,Met,5
INC12573,03-07-2025,Network,High,Customer Service,Agent 20,Resolved,9.7,Met,4
INC13894,03-07-2025,Network,Medium,Finance,Agent 03,Resolved,24.7,Breached,5
INC12658,03-07-2025,Network,Medium,HR,Agent 02,Resolved,45.4,Breached,1
INC13626,03-07-2025,Access,Low,Sales,Agent 01,Resolved,29.8,Met,5
INC13865,03-07-2025,Email,Medium,Customer Service,Agent 01,Resolved,19.2,Met,5
INC13297,04-07-2025,Network,Medium,IT,Agent 04,Resolved,17.5,Met,2
INC14544,04-07-2025,Network,Medium,Operations,Agent 11,Resolved,33.3,Breached,3
INC11502,04-07-2025,Hardware,Medium,Finance,Agent 20,Resolved,22.4,Met,5
INC13771,04-07-2025,Network,Medium,Marketing,Agent 03,Resolved,4.6,Met,3
INC13437,04-07-2025,Access,Low,Finance,Agent 11,Resolved,47.5,Met,4
INC13031,04-07-2025,Software,Low,Marketing,Agent 02,Resolved,113.7,Breached,4
INC11988,05-07-2025,Email,Critical,HR,Agent 11,Resolved,1.1,Met,4
INC10426,05-07-2025,Hardware,High,HR,Agent 04,Resolved,16.6,Breached,5
INC13883,05-07-2025,Hardware,Medium,IT,Agent 07,Resolved,16.6,Met,4
INC10174,06-07-2025,Email,Low,IT,Agent 09,Resolved,20.7,Met,5
INC14215,06-07-2025,Network,Medium,Finance,Agent 08,Resolved,17.9,Met,4
INC12923,06-07-2025,Access,Low,IT,Agent 14,Resolved,43,Met,5
INC14136,06-07-2025,Hardware,Critical,Marketing,Agent 17,Resolved,11.8,Breached,4
INC13757,06-07-2025,Hardware,Low,Customer Service,Agent 17,Resolved,28.4,Met,2
INC13284,06-07-2025,Network,High,Marketing,Agent 04,Resolved,7,Met,5
INC13746,06-07-2025,Email,Medium,Customer Service,Agent 16,Resolved,40.7,Breached,4
INC11006,06-07-2025,Access,Medium,Operations,Agent 18,Resolved,26.2,Breached,5
INC14482,06-07-2025,Email,Low,Operations,Agent 03,Resolved,66.4,Breached,3
INC12626,07-07-2025,Software,Critical,Customer Service,Agent 03,Resolved,4.4,Breached,4
INC12464,07-07-2025,Database,High,Marketing,Agent 15,Resolved,18.9,Breached,3
INC12095,07-07-2025,Network,Medium,Sales,Agent 04,Resolved,19.3,Met,5
INC12030,07-07-2025,Hardware,Medium,Marketing,Agent 06,Resolved,2.7,Met,5
INC10071,07-07-2025,Access,High,Customer Service,Agent 01,Resolved,34.6,Breached,3
INC12653,07-07-2025,Hardware,Medium,Operations,Agent 13,Reopened,7.2,Met,3
INC14460,07-07-2025,Access,Medium,Sales,Agent 17,Resolved,6.9,Met,4
INC11083,07-07-2025,Network,Medium,Sales,Agent 12,Resolved,18.5,Met,5
INC14368,07-07-2025,Access,High,Customer Service,Agent 11,Resolved,5.7,Met,5
INC14210,08-07-2025,Hardware,Critical,Operations,Agent 04,Resolved,9,Breached,4
INC14776,08-07-2025,Access,Medium,Operations,Agent 13,Resolved,24.5,Breached,5
INC14994,08-07-2025,Access,High,Customer Service,Agent 02,Resolved,5.8,Met,5
INC14858,08-07-2025,Network,Critical,Customer Service,Agent 18,Resolved,3.5,Met,3
INC13596,08-07-2025,Software,Medium,Finance,Agent 08,Resolved,17.8,Met,4
INC12997,08-07-2025,Database,Medium,Operations,Agent 17,Resolved,5.2,Met,5
INC10032,09-07-2025,Software,Medium,Finance,Agent 06,Reopened,5.6,Met,5
INC10128,09-07-2025,Hardware,High,Customer Service,Agent 02,Resolved,24.1,Breached,4
INC11921,09-07-2025,Security,Low,Finance,Agent 08,Resolved,35,Met,4
INC14039,09-07-2025,Network,Low,Sales,Agent 09,Resolved,78.6,Breached,4
INC12384,09-07-2025,Network,High,Sales,Agent 05,Resolved,4.8,Met,2
INC13835,09-07-2025,Network,High,Marketing,Agent 05,Resolved,10,Met,5
INC14611,09-07-2025,Access,Low,Customer Service,Agent 19,Resolved,7.4,Met,5
INC13701,09-07-2025,Access,Critical,Customer Service,Agent 16,Resolved,2.8,Met,4
INC11808,09-07-2025,Access,High,Marketing,Agent 05,Resolved,9.5,Met,5
INC10393,09-07-2025,Access,Medium,HR,Agent 10,Resolved,4.8,Met,5
INC12246,09-07-2025,Software,High,Customer Service,Agent 09,Resolved,6.8,Met,3
INC14761,10-07-2025,Hardware,Medium,IT,Agent 14,Resolved,18.8,Met,5
INC13589,10-07-2025,Network,Medium,IT,Agent 17,Resolved,8.6,Met,5
INC10480,10-07-2025,Email,Medium,Operations,Agent 13,Resolved,6.2,Met,4
INC13759,10-07-2025,Software,Low,Finance,Agent 09,Resolved,52.3,Breached,4
INC13055,10-07-2025,Software,Low,Marketing,Agent 20,Resolved,29.8,Met,5
INC14781,10-07-2025,Software,Medium,Operations,Agent 15,Resolved,11.3,Met,4
INC10021,11-07-2025,Network,Low,Operations,Agent 05,Resolved,35.2,Met,5
INC10667,11-07-2025,Email,Medium,IT,Agent 05,Resolved,2.5,Met,3
INC11254,11-07-2025,Software,Medium,HR,Agent 16,Resolved,11.6,Met,1
INC13954,11-07-2025,Email,High,Operations,Agent 17,Resolved,20,Breached,4
INC13084,11-07-2025,Access,Medium,Marketing,Agent 16,Resolved,23.8,Met,4
INC13678,11-07-2025,Access,High,IT,Agent 07,Resolved,1.1,Met,4
INC13703,11-07-2025,Hardware,Medium,Customer Service,Agent 13,Resolved,28.9,Breached,3
INC14813,11-07-2025,Software,Medium,Marketing,Agent 08,Resolved,17.9,Met,4
INC14088,12-07-2025,Database,High,HR,Agent 02,Resolved,7.1,Met,1
INC11525,12-07-2025,Hardware,High,IT,Agent 15,Resolved,6.9,Met,5
INC12965,12-07-2025,Security,Medium,Sales,Agent 07,Resolved,38.6,Breached,5
INC13100,12-07-2025,Hardware,Low,Customer Service,Agent 08,Resolved,72.5,Breached,4
INC12609,13-07-2025,Network,Medium,Marketing,Agent 08,Resolved,7.5,Met,4
INC13059,13-07-2025,Network,High,Sales,Agent 14,Resolved,8.5,Met,5
INC14285,13-07-2025,Access,High,Customer Service,Agent 15,Resolved,11.2,Met,5
INC10721,13-07-2025,Security,Medium,Finance,Agent 15,Reopened,8.2,Met,5
INC14044,13-07-2025,Access,Medium,Operations,Agent 20,Resolved,25.4,Breached,2
INC13434,13-07-2025,Software,Low,Finance,Agent 05,Resolved,45.5,Met,5
INC14218,13-07-2025,Access,Critical,HR,Agent 05,Resolved,6.3,Breached,2
INC10443,13-07-2025,Network,Low,IT,Agent 10,Resolved,29,Met,3
INC12631,13-07-2025,Network,Low,Finance,Agent 05,Resolved,57.8,Breached,4
INC11356,13-07-2025,Hardware,Low,Operations,Agent 01,Resolved,28.7,Met,5
INC12363,13-07-2025,Email,High,HR,Agent 17,Resolved,15.6,Breached,5
INC10617,14-07-2025,Email,Critical,Marketing,Agent 02,Resolved,2.5,Met,4
INC14247,14-07-2025,Hardware,Low,Customer Service,Agent 07,Resolved,21.7,Met,5
INC10618,14-07-2025,Software,High,Marketing,Agent 06,Resolved,4.1,Met,1
INC13909,14-07-2025,Network,Medium,Customer Service,Agent 18,Resolved,10.2,Met,5
INC13514,14-07-2025,Security,Medium,Customer Service,Agent 12,Resolved,43.7,Breached,3
INC12822,14-07-2025,Access,Medium,Marketing,Agent 10,Resolved,10.8,Met,3
INC10225,14-07-2025,Email,Medium,IT,Agent 13,Resolved,25,Breached,5
INC13381,14-07-2025,Hardware,Medium,IT,Agent 09,Resolved,2.5,Met,3
INC14309,14-07-2025,Software,High,Operations,Agent 07,Resolved,8.5,Met,4
INC12111,15-07-2025,Hardware,Medium,Sales,Agent 16,Resolved,5.5,Met,5
INC12480,15-07-2025,Database,Critical,Operations,Agent 01,Resolved,10.5,Breached,4
INC10380,15-07-2025,Security,High,Operations,Agent 09,Resolved,4.6,Met,4
INC13316,15-07-2025,Access,Low,Customer Service,Agent 05,Resolved,44.1,Met,4
INC11734,15-07-2025,Software,High,IT,Agent 02,Resolved,12.8,Breached,5
INC11250,15-07-2025,Network,High,Sales,Agent 10,Resolved,14,Breached,4
INC14534,15-07-2025,Hardware,High,Operations,Agent 05,Resolved,5.6,Met,5
INC14058,16-07-2025,Software,High,Sales,Agent 20,Resolved,14,Breached,5
INC13961,16-07-2025,Access,High,Operations,Agent 10,Resolved,15.5,Breached,3
INC14802,16-07-2025,Access,Medium,Customer Service,Agent 01,Resolved,10.6,Met,5
INC13144,16-07-2025,Hardware,Low,Marketing,Agent 08,Resolved,25.2,Met,4
INC14556,16-07-2025,Hardware,Medium,HR,Agent 19,Resolved,11.2,Met,5
INC12145,17-07-2025,Email,Low,Operations,Agent 04,Resolved,57.9,Breached,3
INC12069,17-07-2025,Database,Low,Operations,Agent 19,Resolved,53.2,Breached,4
INC10169,17-07-2025,Network,Medium,Operations,Agent 06,Reopened,26.9,Breached,2
INC11488,17-07-2025,Network,High,IT,Agent 02,Resolved,5.7,Met,4
INC13063,17-07-2025,Access,High,Sales,Agent 09,Resolved,8.6,Met,4
INC11312,18-07-2025,Email,Low,IT,Agent 10,Resolved,29.1,Met,4
INC14796,18-07-2025,Access,Medium,Finance,Agent 04,Resolved,24.7,Breached,5
INC12974,18-07-2025,Software,Low,Sales,Agent 07,Resolved,18.9,Met,4
INC13424,18-07-2025,Software,Low,Finance,Agent 08,Resolved,10.7,Met,5
INC12118,18-07-2025,Hardware,High,Finance,Agent 08,Resolved,3.8,Met,3
INC12844,18-07-2025,Security,High,Sales,Agent 17,Resolved,8.8,Met,5
INC11055,19-07-2025,Network,Low,Customer Service,Agent 09,Resolved,8.2,Met,5
INC11881,19-07-2025,Software,Low,HR,Agent 16,Reopened,44,Met,1
INC11872,19-07-2025,Hardware,Critical,Customer Service,Agent 08,Resolved,5.1,Breached,4
INC14869,19-07-2025,Database,Medium,Marketing,Agent 11,Resolved,33.7,Breached,5
INC14376,19-07-2025,Email,Medium,Finance,Agent 20,Resolved,47.3,Breached,4
INC10522,20-07-2025,Software,Medium,IT,Agent 04,Resolved,20,Met,5
INC13468,20-07-2025,Email,High,Customer Service,Agent 11,Reopened,12.6,Breached,4
INC10094,20-07-2025,Email,Low,HR,Agent 13,Resolved,14.4,Met,1
INC10172,20-07-2025,Software,Low,Sales,Agent 09,Resolved,15.1,Met,3
INC12628,20-07-2025,Network,Low,Customer Service,Agent 04,Resolved,47.4,Met,5
INC13735,20-07-2025,Software,Critical,Finance,Agent 16,Resolved,4.3,Breached,4
INC11022,20-07-2025,Security,Medium,Finance,Agent 09,Resolved,36.1,Breached,3
INC13818,20-07-2025,Access,Low,HR,Agent 03,Resolved,23.6,Met,5
INC14275,20-07-2025,Hardware,Medium,Finance,Agent 06,Resolved,33.8,Breached,5
INC12428,21-07-2025,Network,Low,HR,Agent 03,Resolved,56.3,Breached,5
INC10061,21-07-2025,Hardware,Medium,Customer Service,Agent 18,Resolved,40.9,Breached,5
INC12028,21-07-2025,Security,Medium,Sales,Agent 06,Resolved,0.5,Met,4
INC13042,21-07-2025,Hardware,Medium,Marketing,Agent 09,Resolved,18.9,Met,5
INC14073,21-07-2025,Network,Medium,Operations,Agent 20,Resolved,14.2,Met,5
INC11645,21-07-2025,Access,Low,Customer Service,Agent 07,Resolved,14.3,Met,5
INC10851,21-07-2025,Security,Low,Operations,Agent 19,Reopened,73.9,Breached,4
INC14492,22-07-2025,Access,Medium,Finance,Agent 14,Resolved,34.9,Breached,2
INC11956,22-07-2025,Network,Medium,Customer Service,Agent 13,Resolved,37.5,Breached,5
INC13261,22-07-2025,Software,Low,Marketing,Agent 03,Resolved,23.9,Met,2
INC10163,22-07-2025,Access,Medium,Operations,Agent 16,Reopened,15.9,Met,2
INC10491,22-07-2025,Hardware,High,IT,Agent 09,Resolved,19.1,Breached,5
INC12115,22-07-2025,Software,High,Operations,Agent 06,Resolved,7.4,Met,5
INC12315,22-07-2025,Email,Low,Marketing,Agent 05,Resolved,12.3,Met,5
INC13953,22-07-2025,Email,High,Customer Service,Agent 08,Resolved,9.8,Met,4
INC12495,23-07-2025,Software,Medium,Customer Service,Agent 08,Resolved,27.2,Breached,5
INC11473,23-07-2025,Hardware,Low,HR,Agent 02,Resolved,15,Met,3
INC14361,23-07-2025,Software,High,HR,Agent 16,Resolved,9.2,Met,4
INC10341,23-07-2025,Security,Medium,Operations,Agent 17,Resolved,48.9,Breached,3
INC13390,24-07-2025,Software,Low,Operations,Agent 09,Reopened,14,Met,3
INC10607,24-07-2025,Network,High,Finance,Agent 05,Resolved,8.1,Met,5
INC12694,24-07-2025,Hardware,Medium,Sales,Agent 07,Resolved,5.3,Met,4
INC13298,24-07-2025,Access,High,Customer Service,Agent 15,Resolved,2.8,Met,4
INC12106,24-07-2025,Access,Medium,Sales,Agent 14,Resolved,29.3,Breached,3
INC12827,24-07-2025,Software,Medium,Marketing,Agent 19,Resolved,15.8,Met,5
INC14326,25-07-2025,Access,Medium,Operations,Agent 13,Resolved,26.9,Breached,5
INC11492,25-07-2025,Software,Low,Marketing,Agent 04,Resolved,28.1,Met,4
INC14800,25-07-2025,Security,Medium,IT,Agent 13,Resolved,20.3,Met,4
INC13030,25-07-2025,Software,Medium,Customer Service,Agent 06,Resolved,13.7,Met,4
INC11762,25-07-2025,Hardware,Medium,Finance,Agent 14,Resolved,4.6,Met,4
INC13773,25-07-2025,Hardware,Low,Sales,Agent 12,Resolved,28.5,Met,4
INC14301,25-07-2025,Database,High,Customer Service,Agent 15,Reopened,4.4,Met,5
INC13119,25-07-2025,Software,High,Operations,Agent 02,Resolved,9.1,Met,4
INC13367,25-07-2025,Software,Low,Sales,Agent 17,Resolved,45.9,Met,4
INC13655,26-07-2025,Database,Critical,Customer Service,Agent 04,Resolved,9,Breached,4
INC10106,26-07-2025,Security,Medium,Sales,Agent 10,Resolved,42.1,Breached,3
INC13619,26-07-2025,Network,Low,Sales,Agent 20,Resolved,33.7,Met,2
INC10578,26-07-2025,Software,Medium,Marketing,Agent 20,Resolved,29.3,Breached,4
INC13411,26-07-2025,Access,Medium,Sales,Agent 18,Resolved,31.3,Breached,3
INC13521,26-07-2025,Software,Medium,IT,Agent 08,Resolved,6.1,Met,4
INC12280,26-07-2025,Software,High,IT,Agent 14,Resolved,13.6,Breached,4
INC13303,26-07-2025,Software,Medium,IT,Agent 07,Resolved,16.9,Met,5
INC11305,27-07-2025,Security,Medium,Sales,Agent 02,Resolved,6,Met,5
INC13178,27-07-2025,Database,Critical,IT,Agent 01,Resolved,5.1,Breached,5
INC10201,27-07-2025,Network,Medium,Marketing,Agent 18,Resolved,19.4,Met,4
INC11381,27-07-2025,Hardware,High,Marketing,Agent 06,Resolved,7.9,Met,2
INC13982,28-07-2025,Software,Medium,Sales,Agent 06,Resolved,8.9,Met,4
INC12707,28-07-2025,Email,High,Marketing,Agent 15,Resolved,5.4,Met,5
INC14767,28-07-2025,Database,Medium,IT,Agent 06,Resolved,11.6,Met,5
INC14887,28-07-2025,Email,Medium,Marketing,Agent 12,Resolved,10.3,Met,4
INC12010,28-07-2025,Software,Medium,Sales,Agent 03,Resolved,7.8,Met,3
INC11692,28-07-2025,Network,High,Finance,Agent 11,Resolved,14.3,Breached,5
INC10828,29-07-2025,Email,High,Customer Service,Agent 14,Resolved,9.4,Met,4
INC13886,29-07-2025,Software,Medium,Customer Service,Agent 04,Resolved,3.2,Met,3
INC13123,29-07-2025,Hardware,Medium,IT,Agent 14,Resolved,50.9,Breached,5
INC12281,29-07-2025,Access,Medium,IT,Agent 13,Resolved,8,Met,5
INC12746,29-07-2025,Access,High,HR,Agent 05,Resolved,18.6,Breached,4
INC12879,29-07-2025,Access,Medium,HR,Agent 03,Resolved,16.4,Met,4
INC12195,29-07-2025,Security,Low,Operations,Agent 08,Resolved,15.3,Met,3
INC12431,29-07-2025,Network,High,Marketing,Agent 19,Resolved,13.9,Breached,5
INC14375,30-07-2025,Access,High,Operations,Agent 18,Reopened,15.6,Breached,4
INC13739,30-07-2025,Network,Low,Finance,Agent 17,Resolved,15.7,Met,4
INC11897,30-07-2025,Network,High,IT,Agent 19,Resolved,3.4,Met,4
INC12048,30-07-2025,Email,Medium,IT,Agent 19,Resolved,35.1,Breached,5
INC12017,30-07-2025,Network,Critical,Operations,Agent 04,Resolved,2.7,Met,4
INC13587,30-07-2025,Email,High,Operations,Agent 13,Resolved,28.3,Breached,4
INC13650,31-07-2025,Hardware,Low,Marketing,Agent 08,Resolved,51.6,Breached,5
INC14074,31-07-2025,Email,Medium,Sales,Agent 09,Resolved,52.1,Breached,5
INC13248,31-07-2025,Network,Medium,HR,Agent 07,Resolved,13.1,Met,2
INC10679,31-07-2025,Email,High,Finance,Agent 05,Resolved,3.2,Met,3
INC14362,31-07-2025,Hardware,Medium,Customer Service,Agent 15,Reopened,23,Met,4
INC13016,31-07-2025,Email,High,HR,Agent 11,Resolved,10.5,Met,5
INC11842,01-08-2025,Database,High,HR,Agent 16,Resolved,10.2,Met,4
INC11963,01-08-2025,Email,Critical,IT,Agent 11,Resolved,6.6,Breached,4
INC11839,01-08-2025,Security,High,Finance,Agent 01,Resolved,16.5,Breached,4
INC13039,01-08-2025,Network,Medium,Marketing,Agent 09,Resolved,21,Met,3
INC12168,01-08-2025,Software,Low,Sales,Agent 02,Resolved,28.9,Met,4
INC12820,02-08-2025,Email,High,Marketing,Agent 20,Resolved,22.4,Breached,5
INC12166,02-08-2025,Access,Medium,Customer Service,Agent 03,Resolved,30,Breached,4
INC12557,02-08-2025,Access,Medium,IT,Agent 11,Resolved,34,Breached,3
INC11343,02-08-2025,Network,Medium,Customer Service,Agent 15,Resolved,34,Breached,5
INC10638,02-08-2025,Software,Medium,HR,Agent 03,Resolved,21.2,Met,4
INC13299,02-08-2025,Software,Medium,Sales,Agent 12,Resolved,16.6,Met,5
INC13153,03-08-2025,Hardware,Medium,Finance,Agent 10,Resolved,21.2,Met,3
INC14420,03-08-2025,Network,Low,IT,Agent 04,Resolved,10.9,Met,5
INC14844,03-08-2025,Hardware,High,Customer Service,Agent 10,Resolved,1,Met,4
INC12664,03-08-2025,Network,High,Marketing,Agent 20,Resolved,5.9,Met,4
INC10805,04-08-2025,Access,Low,Customer Service,Agent 10,Resolved,20.8,Met,5
INC12582,04-08-2025,Email,Low,Sales,Agent 03,Resolved,13.4,Met,4
INC10655,04-08-2025,Email,High,Finance,Agent 04,Resolved,16.2,Breached,3
INC11497,04-08-2025,Security,Medium,HR,Agent 12,Resolved,32.6,Breached,5
INC12862,04-08-2025,Network,Medium,Operations,Agent 18,Resolved,15.2,Met,3
INC14820,04-08-2025,Database,High,HR,Agent 03,Resolved,11.6,Met,4
INC11164,04-08-2025,Database,Medium,Finance,Agent 03,Resolved,7.4,Met,5
INC11204,04-08-2025,Network,Low,Finance,Agent 20,Resolved,14.4,Met,5
INC14969,04-08-2025,Network,Medium,IT,Agent 06,Resolved,1.3,Met,3
INC14824,05-08-2025,Network,Low,IT,Agent 07,Resolved,122.6,Breached,3
INC14003,05-08-2025,Software,High,Operations,Agent 06,Resolved,4.7,Met,5
INC11918,05-08-2025,Security,Medium,IT,Agent 19,Reopened,25.8,Breached,3
INC13535,05-08-2025,Email,Medium,Customer Service,Agent 04,Resolved,27.6,Breached,3
INC14448,05-08-2025,Security,Medium,Customer Service,Agent 01,Resolved,17.8,Met,4
INC11029,05-08-2025,Email,Low,HR,Agent 02,Resolved,26.5,Met,5
INC10070,05-08-2025,Email,Critical,IT,Agent 17,Resolved,6.4,Breached,5
INC10541,05-08-2025,Access,Low,Sales,Agent 03,Reopened,48.4,Breached,5
INC14438,05-08-2025,Network,High,Finance,Agent 20,Resolved,22.4,Breached,5
INC13871,06-08-2025,Software,Medium,Sales,Agent 16,Resolved,23.6,Met,3
INC12831,06-08-2025,Database,Medium,Marketing,Agent 01,Resolved,19.4,Met,4
INC11528,06-08-2025,Hardware,Critical,HR,Agent 14,Resolved,1.8,Met,4
INC13733,06-08-2025,Database,Medium,Customer Service,Agent 05,Resolved,15,Met,1
INC10342,06-08-2025,Software,Medium,Operations,Agent 11,Resolved,17,Met,4
INC12245,06-08-2025,Software,High,Customer Service,Agent 12,Resolved,11.1,Met,5
INC11669,06-08-2025,Hardware,Medium,Finance,Agent 17,Reopened,26.9,Breached,2
INC10102,06-08-2025,Security,Medium,Sales,Agent 17,Resolved,27,Breached,4
INC12723,06-08-2025,Network,Critical,Customer Service,Agent 09,Resolved,2.8,Met,5
INC12284,07-08-2025,Database,Critical,Finance,Agent 02,Resolved,2.6,Met,3
INC13185,07-08-2025,Security,High,IT,Agent 18,Resolved,7.2,Met,2
INC10249,08-08-2025,Software,Critical,Finance,Agent 19,Resolved,9.8,Breached,3
INC13762,08-08-2025,Email,Low,IT,Agent 05,Reopened,56,Breached,3
INC12102,08-08-2025,Security,Medium,Finance,Agent 03,Reopened,1.3,Met,4
INC12100,08-08-2025,Software,Medium,Finance,Agent 05,Resolved,3.9,Met,5
INC10336,08-08-2025,Database,Medium,Operations,Agent 03,Resolved,4.6,Met,2
INC13483,08-08-2025,Email,High,Finance,Agent 19,Resolved,3.8,Met,2
INC10470,08-08-2025,Software,Medium,Marketing,Agent 15,Resolved,10.5,Met,5
INC14394,08-08-2025,Access,Medium,Marketing,Agent 04,Resolved,4.4,Met,5
INC11910,08-08-2025,Software,Critical,HR,Agent 05,Resolved,3.4,Met,4
INC11543,08-08-2025,Access,Medium,Sales,Agent 10,Resolved,22.3,Met,1
INC12036,09-08-2025,Software,Medium,Finance,Agent 09,Resolved,29.9,Breached,5
INC11576,09-08-2025,Network,Medium,Marketing,Agent 15,Resolved,53.6,Breached,4
INC13446,09-08-2025,Hardware,Medium,IT,Agent 03,Resolved,13.4,Met,4
INC14736,09-08-2025,Access,Medium,Marketing,Agent 09,Resolved,9.4,Met,5
INC14862,10-08-2025,Hardware,Medium,Customer Service,Agent 12,Resolved,44.6,Breached,5
INC11247,10-08-2025,Email,Low,IT,Agent 18,Resolved,10.7,Met,4
INC11945,10-08-2025,Security,High,Sales,Agent 11,Resolved,10.9,Met,5
INC12317,10-08-2025,Security,Medium,Marketing,Agent 08,Resolved,23.6,Met,4
INC13515,10-08-2025,Access,Low,IT,Agent 14,Resolved,7.1,Met,5
INC14916,10-08-2025,Network,Critical,IT,Agent 09,Resolved,5.2,Breached,5
INC13623,10-08-2025,Network,Critical,Marketing,Agent 01,Resolved,19.1,Breached,4
INC11074,11-08-2025,Software,Medium,Customer Service,Agent 13,Resolved,13.7,Met,5
INC11504,11-08-2025,Hardware,High,IT,Agent 04,Resolved,11,Met,4
INC12881,11-08-2025,Database,Low,Finance,Agent 18,Resolved,23.4,Met,4
INC10353,11-08-2025,Software,Critical,Marketing,Agent 02,Resolved,13,Breached,3
INC10428,11-08-2025,Network,Critical,HR,Agent 04,Resolved,2.2,Met,5
INC11912,11-08-2025,Security,Medium,Marketing,Agent 01,Resolved,13.5,Met,2
INC13653,11-08-2025,Email,Medium,Finance,Agent 14,Resolved,23.2,Met,3
INC11236,11-08-2025,Network,Medium,Customer Service,Agent 17,Resolved,33.9,Breached,4
INC12451,11-08-2025,Security,High,Finance,Agent 04,Resolved,44.1,Breached,4
INC13690,11-08-2025,Software,Medium,Customer Service,Agent 15,Resolved,26.6,Breached,5
INC10712,11-08-2025,Software,Low,Operations,Agent 15,Resolved,21.5,Met,5
INC11195,12-08-2025,Network,Low,Customer Service,Agent 03,Resolved,43.9,Met,5
INC14890,12-08-2025,Hardware,High,Sales,Agent 05,Resolved,9.5,Met,5
INC11229,12-08-2025,Access,High,Marketing,Agent 14,Resolved,10.6,Met,3
INC14180,12-08-2025,Email,Medium,IT,Agent 17,Resolved,64.3,Breached,4
INC11244,12-08-2025,Access,High,Customer Service,Agent 02,Resolved,19.8,Breached,5
INC10536,12-08-2025,Network,Medium,IT,Agent 16,Resolved,13.2,Met,5
INC13748,12-08-2025,Software,Medium,IT,Agent 06,Resolved,8.4,Met,1
INC14548,12-08-2025,Security,Medium,Marketing,Agent 07,Resolved,10,Met,4
INC10138,13-08-2025,Hardware,High,HR,Agent 13,Resolved,16.5,Breached,4
INC10779,13-08-2025,Access,Medium,HR,Agent 18,Resolved,2.8,Met,4
INC10129,13-08-2025,Network,Medium,Customer Service,Agent 16,Resolved,22.5,Met,5
INC14095,13-08-2025,Hardware,High,IT,Agent 16,Resolved,10.8,Met,5
INC10730,13-08-2025,Hardware,High,Marketing,Agent 04,Resolved,15.4,Breached,5
INC10155,13-08-2025,Software,High,HR,Agent 14,Resolved,14.1,Breached,3
INC12816,13-08-2025,Software,Medium,HR,Agent 15,Resolved,11.5,Met,3
INC14233,13-08-2025,Access,High,HR,Agent 14,Resolved,10.1,Met,4
INC12240,14-08-2025,Software,Medium,Customer Service,Agent 15,Reopened,11.9,Met,3
INC10954,14-08-2025,Network,Low,Sales,Agent 10,Resolved,15.9,Met,5
INC12825,14-08-2025,Hardware,Critical,IT,Agent 13,Resolved,6.3,Breached,5
INC11183,14-08-2025,Software,Low,Sales,Agent 13,Resolved,24.7,Met,5
INC10238,14-08-2025,Email,Medium,Marketing,Agent 08,Resolved,6.3,Met,4
INC13721,14-08-2025,Hardware,Critical,Sales,Agent 11,Resolved,13.4,Breached,4
INC13742,15-08-2025,Access,Medium,IT,Agent 02,Resolved,26.8,Breached,3
INC13854,15-08-2025,Security,Low,Customer Service,Agent 04,Resolved,14.9,Met,4
INC11007,15-08-2025,Hardware,High,Finance,Agent 02,Resolved,16.1,Breached,4
INC12178,15-08-2025,Software,Medium,Marketing,Agent 09,Resolved,5.5,Met,4
INC12024,15-08-2025,Software,Medium,Operations,Agent 07,Resolved,9.4,Met,2
INC10211,15-08-2025,Software,Medium,Marketing,Agent 08,Resolved,34,Breached,5
INC12742,15-08-2025,Database,High,Marketing,Agent 03,Reopened,4.4,Met,4
INC12274,15-08-2025,Hardware,High,IT,Agent 03,Resolved,4.7,Met,5
INC10493,15-08-2025,Access,Medium,Marketing,Agent 14,Resolved,59.3,Breached,3
INC10687,16-08-2025,Software,Medium,Operations,Agent 04,Resolved,17.3,Met,4
INC14168,16-08-2025,Email,Critical,Marketing,Agent 05,Resolved,1.2,Met,5
INC14982,16-08-2025,Hardware,Medium,Sales,Agent 16,Resolved,28,Breached,3
INC10804,16-08-2025,Access,Medium,IT,Agent 15,Resolved,29.8,Breached,4
INC12107,16-08-2025,Software,Medium,Marketing,Agent 16,Resolved,15.3,Met,4
INC12579,16-08-2025,Database,High,Customer Service,Agent 16,Resolved,19,Breached,2
INC12811,16-08-2025,Database,Medium,HR,Agent 17,Resolved,9.4,Met,4
INC10492,17-08-2025,Email,Low,Finance,Agent 10,Resolved,28.9,Met,5
INC13802,17-08-2025,Database,Medium,HR,Agent 20,Resolved,14,Met,4
INC14513,17-08-2025,Software,Low,Customer Service,Agent 14,Resolved,16.9,Met,5
INC11984,17-08-2025,Security,Low,Customer Service,Agent 13,Resolved,27.6,Met,2
INC11036,17-08-2025,Access,Medium,Operations,Agent 06,Resolved,16.3,Met,4
INC10579,17-08-2025,Email,High,Marketing,Agent 03,Resolved,2.5,Met,4
INC10711,17-08-2025,Network,Medium,IT,Agent 15,Resolved,7.5,Met,5
INC11453,17-08-2025,Software,High,Sales,Agent 10,Resolved,10.5,Met,4
INC14879,18-08-2025,Email,High,Marketing,Agent 13,Resolved,1.6,Met,4
INC12793,18-08-2025,Security,High,Operations,Agent 18,Reopened,6,Met,5
INC13187,18-08-2025,Database,Medium,HR,Agent 15,Resolved,47.2,Breached,5
INC14057,18-08-2025,Email,High,Sales,Agent 01,Resolved,7.2,Met,4
INC11684,18-08-2025,Network,Medium,Customer Service,Agent 20,Resolved,45.7,Breached,5
INC10233,18-08-2025,Database,Medium,Sales,Agent 06,Resolved,24.2,Breached,5
INC10090,19-08-2025,Hardware,Critical,Operations,Agent 20,Resolved,12.7,Breached,5
INC11821,19-08-2025,Access,Medium,Customer Service,Agent 15,Resolved,11.7,Met,4
INC11446,19-08-2025,Security,Medium,IT,Agent 20,Resolved,21.9,Met,3
INC10113,19-08-2025,Database,Medium,IT,Agent 01,Resolved,14,Met,4
INC10791,19-08-2025,Network,Medium,Operations,Agent 12,Resolved,12.3,Met,3
INC12001,19-08-2025,Access,Critical,Customer Service,Agent 05,Resolved,5.1,Breached,5
INC10127,19-08-2025,Network,High,Customer Service,Agent 08,Resolved,11.6,Met,5
INC12666,19-08-2025,Hardware,Medium,IT,Agent 09,Resolved,89.6,Breached,4
INC14623,20-08-2025,Access,High,Marketing,Agent 08,Resolved,9.3,Met,5
INC13431,20-08-2025,Network,High,HR,Agent 13,Resolved,19.7,Breached,5
INC11892,20-08-2025,Hardware,Medium,HR,Agent 04,Resolved,33.1,Breached,4
INC12352,20-08-2025,Network,Low,Marketing,Agent 05,Resolved,83,Breached,5
INC14395,20-08-2025,Software,High,Customer Service,Agent 04,Resolved,19.2,Breached,5
INC13839,20-08-2025,Hardware,Critical,Finance,Agent 09,Resolved,2.6,Met,3
INC14835,20-08-2025,Network,Medium,Customer Service,Agent 04,Resolved,15.3,Met,5
INC14652,21-08-2025,Network,High,Finance,Agent 09,Resolved,13.1,Breached,5
INC11243,21-08-2025,Software,Medium,Sales,Agent 11,Resolved,6.6,Met,4
INC14099,21-08-2025,Network,Medium,Marketing,Agent 14,Resolved,23.5,Met,4
INC10628,21-08-2025,Network,High,HR,Agent 04,Resolved,10.6,Met,4
INC10199,21-08-2025,Access,Medium,IT,Agent 06,Resolved,14.1,Met,1
INC10142,21-08-2025,Software,Medium,Customer Service,Agent 01,Resolved,9.8,Met,4
INC12840,21-08-2025,Software,Medium,Finance,Agent 15,Resolved,17,Met,3
INC12391,21-08-2025,Access,Medium,Finance,Agent 12,Reopened,55.3,Breached,5
INC13853,21-08-2025,Access,Low,Operations,Agent 06,Resolved,11.3,Met,5
INC12668,21-08-2025,Network,Medium,Finance,Agent 14,Resolved,4.7,Met,4
INC13364,22-08-2025,Network,Medium,IT,Agent 15,Resolved,13.9,Met,4
INC12508,22-08-2025,Hardware,Medium,IT,Agent 14,Resolved,24.1,Breached,4
INC10432,23-08-2025,Access,Medium,Marketing,Agent 02,Resolved,2.6,Met,4
INC10972,23-08-2025,Network,Medium,IT,Agent 08,Resolved,30.4,Breached,4
INC13570,23-08-2025,Network,Medium,Operations,Agent 06,Resolved,18.3,Met,4
INC11958,23-08-2025,Software,Medium,IT,Agent 08,Resolved,25,Breached,5
INC12770,23-08-2025,Software,High,Marketing,Agent 01,Resolved,10.8,Met,4
INC13457,23-08-2025,Access,High,Marketing,Agent 12,Resolved,20.4,Breached,4
INC12726,23-08-2025,Security,Medium,Sales,Agent 19,Resolved,4.9,Met,5
INC13360,23-08-2025,Email,Low,Finance,Agent 20,Resolved,21.4,Met,3
INC10574,24-08-2025,Hardware,Critical,Operations,Agent 17,Resolved,9,Breached,4
INC14921,24-08-2025,Access,Critical,HR,Agent 17,Resolved,5.1,Breached,4
INC11955,24-08-2025,Network,High,IT,Agent 11,Resolved,11.7,Met,4
INC10751,24-08-2025,Software,Low,Operations,Agent 06,Resolved,24.9,Met,4
INC14675,24-08-2025,Software,Critical,Operations,Agent 15,Resolved,2.1,Met,5
INC14108,25-08-2025,Hardware,Low,Sales,Agent 07,Resolved,26.7,Met,4
INC14874,25-08-2025,Security,High,Marketing,Agent 04,Resolved,4.5,Met,2
INC13766,25-08-2025,Access,High,HR,Agent 13,Resolved,5,Met,4
INC14043,25-08-2025,Network,Critical,Operations,Agent 15,Reopened,5.2,Breached,5
INC13227,25-08-2025,Email,Low,Customer Service,Agent 02,Resolved,24.2,Met,5
INC13960,25-08-2025,Email,High,Operations,Agent 08,Resolved,26.9,Breached,4
INC10967,25-08-2025,Email,Medium,IT,Agent 20,Resolved,10,Met,4
INC13498,25-08-2025,Network,Low,Customer Service,Agent 16,Resolved,28.2,Met,5
INC13708,26-08-2025,Access,Critical,HR,Agent 02,Resolved,0.8,Met,4
INC12193,26-08-2025,Network,High,Customer Service,Agent 03,Resolved,11.5,Met,5
INC13812,26-08-2025,Network,Medium,Operations,Agent 09,Resolved,24.9,Breached,4
INC11954,26-08-2025,Network,Medium,HR,Agent 15,Resolved,17.7,Met,5
INC11116,27-08-2025,Email,High,Operations,Agent 11,Resolved,2.6,Met,5
INC13389,27-08-2025,Software,Medium,Operations,Agent 04,Resolved,12,Met,3
INC13641,27-08-2025,Software,High,Customer Service,Agent 02,Resolved,1.2,Met,3
INC10537,27-08-2025,Hardware,Medium,IT,Agent 08,Resolved,16.9,Met,5
INC10639,27-08-2025,Access,Medium,Customer Service,Agent 15,Resolved,27.8,Breached,4
INC10921,27-08-2025,Access,Critical,Operations,Agent 08,Resolved,3.2,Met,4
INC14191,27-08-2025,Software,Medium,HR,Agent 01,Resolved,29.1,Breached,3
INC13349,27-08-2025,Access,Low,HR,Agent 20,Resolved,38,Met,5
INC12408,28-08-2025,Email,Medium,IT,Agent 17,Resolved,11.2,Met,4
INC13106,28-08-2025,Network,Medium,Finance,Agent 07,Resolved,25.7,Breached,5
INC10109,29-08-2025,Access,High,Sales,Agent 08,Resolved,10.7,Met,5
INC12703,29-08-2025,Network,Medium,Finance,Agent 20,Resolved,37.2,Breached,3
INC14133,29-08-2025,Email,Medium,Customer Service,Agent 17,Resolved,27.3,Breached,4
INC14725,29-08-2025,Network,Low,Finance,Agent 07,Resolved,30.4,Met,4
INC11619,29-08-2025,Network,Low,Marketing,Agent 06,Resolved,23.5,Met,5
INC10043,30-08-2025,Email,Medium,IT,Agent 07,Resolved,8.5,Met,5
INC11351,30-08-2025,Email,Medium,IT,Agent 07,Resolved,20.5,Met,4
INC10529,30-08-2025,Network,Medium,Marketing,Agent 11,Resolved,35.5,Breached,5
INC11648,30-08-2025,Hardware,Low,HR,Agent 09,Resolved,44.1,Met,4
INC13948,30-08-2025,Access,Low,Customer Service,Agent 16,Resolved,48.8,Breached,2
INC12866,30-08-2025,Software,Critical,Sales,Agent 03,Resolved,9.3,Breached,2
INC13311,30-08-2025,Network,Medium,Marketing,Agent 09,Resolved,16.2,Met,5
INC11869,30-08-2025,Email,Medium,Customer Service,Agent 20,Resolved,11.5,Met,5
INC11252,30-08-2025,Access,Low,Sales,Agent 15,Resolved,33.1,Met,5
INC11840,30-08-2025,Hardware,Low,Operations,Agent 10,Reopened,10.6,Met,5
INC11496,30-08-2025,Network,Medium,Sales,Agent 09,Resolved,5.1,Met,4
INC10119,31-08-2025,Email,Medium,Operations,Agent 03,Resolved,6.1,Met,5
INC11145,31-08-2025,Security,High,HR,Agent 16,Resolved,0.7,Met,1
INC10708,31-08-2025,Email,High,Sales,Agent 12,Reopened,3.2,Met,3
INC12158,31-08-2025,Hardware,Medium,Finance,Agent 10,Resolved,17.8,Met,5
INC11744,01-09-2025,Network,Low,Operations,Agent 17,Resolved,24.5,Met,3
INC14443,01-09-2025,Security,Low,Marketing,Agent 19,Resolved,31.9,Met,2
INC10855,01-09-2025,Network,Low,IT,Agent 02,Resolved,6.7,Met,4
INC14224,02-09-2025,Access,Medium,IT,Agent 09,Resolved,10.9,Met,5
INC13077,02-09-2025,Security,Medium,Customer Service,Agent 09,Resolved,9.2,Met,5
INC14328,02-09-2025,Email,High,Customer Service,Agent 20,Resolved,14.9,Breached,5
INC11113,02-09-2025,Network,Low,IT,Agent 11,Resolved,18.7,Met,5
INC13999,02-09-2025,Hardware,Medium,Operations,Agent 16,Resolved,15.3,Met,5
INC12511,02-09-2025,Network,High,Sales,Agent 13,Resolved,5.5,Met,4
INC13392,02-09-2025,Network,High,Finance,Agent 14,Resolved,15.5,Breached,5
INC14700,02-09-2025,Network,Low,Sales,Agent 02,Resolved,46.6,Met,5
INC10278,03-09-2025,Access,Medium,Customer Service,Agent 13,Resolved,23,Met,5
INC12568,03-09-2025,Software,Medium,Operations,Agent 17,Resolved,11.5,Met,3
INC14517,03-09-2025,Access,Medium,Marketing,Agent 14,Resolved,37.9,Breached,3
INC11834,03-09-2025,Hardware,Low,Sales,Agent 16,Resolved,72,Breached,4
INC11427,03-09-2025,Software,Medium,Sales,Agent 13,Reopened,14.2,Met,2
INC14442,03-09-2025,Network,Medium,Sales,Agent 04,Resolved,12,Met,4
INC13368,04-09-2025,Email,Medium,Customer Service,Agent 12,Resolved,20.7,Met,4
INC13354,04-09-2025,Hardware,Medium,Customer Service,Agent 05,Resolved,63.7,Breached,4
INC13769,04-09-2025,Access,High,Marketing,Agent 08,Resolved,11.3,Met,5
INC14343,04-09-2025,Network,High,Customer Service,Agent 13,Resolved,4.8,Met,5
INC10330,04-09-2025,Email,Medium,IT,Agent 06,Resolved,7.2,Met,4
INC10161,04-09-2025,Hardware,Medium,Marketing,Agent 17,Resolved,18.5,Met,2
INC12913,04-09-2025,Database,Medium,IT,Agent 05,Resolved,10,Met,4
INC13880,04-09-2025,Software,Medium,HR,Agent 05,Resolved,35.8,Breached,5
INC14771,04-09-2025,Database,Medium,Sales,Agent 01,Resolved,55,Breached,5
INC12221,04-09-2025,Hardware,High,Operations,Agent 12,Resolved,6.3,Met,4
INC13715,04-09-2025,Access,Medium,Customer Service,Agent 09,Resolved,14,Met,3
INC13971,04-09-2025,Network,Low,Marketing,Agent 03,Resolved,36.7,Met,3
INC12944,04-09-2025,Access,High,Sales,Agent 16,Resolved,5.1,Met,5
INC14910,04-09-2025,Access,High,Customer Service,Agent 11,Resolved,6.9,Met,5
INC13006,05-09-2025,Hardware,Low,Operations,Agent 12,Resolved,30.2,Met,3
INC12870,05-09-2025,Access,High,Operations,Agent 18,Resolved,4.1,Met,4
INC13214,05-09-2025,Network,Medium,Sales,Agent 02,Resolved,18.4,Met,4
INC14109,05-09-2025,Access,Critical,Customer Service,Agent 17,Resolved,7.2,Breached,2
INC15000,05-09-2025,Database,High,HR,Agent 17,Resolved,9.3,Met,4
INC11715,05-09-2025,Access,High,Customer Service,Agent 18,Resolved,6.2,Met,1
INC14627,06-09-2025,Email,Low,IT,Agent 16,Resolved,71.2,Breached,4
INC14011,06-09-2025,Email,Medium,IT,Agent 05,Resolved,12.6,Met,5
INC14717,06-09-2025,Software,Low,Finance,Agent 19,Resolved,67.7,Breached,2
INC12108,07-09-2025,Software,Medium,Sales,Agent 06,Resolved,7.6,Met,5
INC13937,07-09-2025,Network,Low,Marketing,Agent 09,Resolved,71.9,Breached,5
INC10568,07-09-2025,Email,High,HR,Agent 01,Resolved,5.3,Met,3
INC11419,07-09-2025,Software,High,Customer Service,Agent 06,Resolved,8.6,Met,5
INC12411,07-09-2025,Email,Critical,Marketing,Agent 09,Resolved,5,Breached,5
INC13409,08-09-2025,Database,Medium,Operations,Agent 09,Resolved,2.4,Met,4
INC12283,08-09-2025,Network,Medium,HR,Agent 02,Resolved,16.3,Met,3
INC11105,08-09-2025,Network,Low,Finance,Agent 14,Resolved,49.9,Breached,4
INC14561,08-09-2025,Access,Low,Marketing,Agent 17,Resolved,14.1,Met,4
INC14098,08-09-2025,Access,Medium,Finance,Agent 16,Resolved,6.2,Met,4
INC14335,08-09-2025,Network,Medium,IT,Agent 05,Resolved,20.5,Met,3
INC11187,08-09-2025,Software,Medium,Sales,Agent 02,Resolved,10.4,Met,4
INC11479,08-09-2025,Software,Medium,Finance,Agent 11,Resolved,42.5,Breached,5
INC11498,08-09-2025,Access,Low,HR,Agent 16,Resolved,26.6,Met,4
INC14964,08-09-2025,Software,Medium,Sales,Agent 19,Resolved,29.4,Breached,5
INC13290,09-09-2025,Hardware,High,IT,Agent 12,Resolved,33.3,Breached,4
INC12769,09-09-2025,Hardware,High,Finance,Agent 08,Resolved,22.5,Breached,5
INC13884,09-09-2025,Access,Medium,Marketing,Agent 19,Resolved,42.5,Breached,4
INC10459,09-09-2025,Security,Medium,Operations,Agent 18,Resolved,17.5,Met,1
INC10066,09-09-2025,Access,Low,Customer Service,Agent 13,Resolved,27,Met,4
INC12896,09-09-2025,Network,Low,Operations,Agent 13,Resolved,5.5,Met,5
INC10436,10-09-2025,Software,Medium,HR,Agent 04,Resolved,17.6,Met,4
INC14898,10-09-2025,Security,Medium,IT,Agent 17,Resolved,18.4,Met,4
INC10524,10-09-2025,Hardware,Medium,IT,Agent 01,Resolved,9.3,Met,5
INC10265,10-09-2025,Network,Critical,Customer Service,Agent 03,Reopened,2.9,Met,3
INC10027,10-09-2025,Database,Medium,Operations,Agent 10,Reopened,39.5,Breached,5
INC14660,10-09-2025,Network,Medium,Marketing,Agent 15,Resolved,20.9,Met,5
INC11765,10-09-2025,Security,Medium,IT,Agent 14,Resolved,8,Met,5
INC13557,10-09-2025,Network,High,Marketing,Agent 02,Resolved,8.2,Met,5
INC14501,10-09-2025,Email,High,Customer Service,Agent 13,Resolved,7.4,Met,3
INC10648,10-09-2025,Security,Critical,Finance,Agent 08,Resolved,3.7,Met,4
INC10374,10-09-2025,Email,High,Sales,Agent 09,Resolved,16.7,Breached,4
INC10210,11-09-2025,Email,High,IT,Agent 08,Resolved,7.7,Met,2
INC10347,11-09-2025,Software,Medium,Sales,Agent 09,Resolved,17.1,Met,4
INC10194,11-09-2025,Software,Medium,Finance,Agent 03,Resolved,6.5,Met,5
INC12082,11-09-2025,Access,Medium,Marketing,Agent 10,Resolved,6,Met,5
INC13046,11-09-2025,Database,Medium,Customer Service,Agent 02,Resolved,29.9,Breached,5
INC10819,11-09-2025,Email,High,Sales,Agent 11,Resolved,21.2,Breached,3
INC10798,11-09-2025,Database,Critical,Sales,Agent 06,Resolved,13.7,Breached,3
INC12175,11-09-2025,Hardware,Medium,Operations,Agent 13,Resolved,9.7,Met,2
INC13779,12-09-2025,Email,High,Finance,Agent 19,Resolved,19.2,Breached,4
INC12322,12-09-2025,Hardware,Medium,Operations,Agent 15,Resolved,27.3,Breached,5
INC14499,12-09-2025,Software,Low,Finance,Agent 19,Resolved,31.4,Met,2
INC14105,13-09-2025,Access,High,Customer Service,Agent 14,Resolved,9.8,Met,2
INC10267,13-09-2025,Hardware,High,Sales,Agent 01,Resolved,2.2,Met,4
INC12969,13-09-2025,Hardware,High,Finance,Agent 12,Resolved,5.7,Met,2
INC14915,13-09-2025,Hardware,Low,Sales,Agent 13,Resolved,90,Breached,5
INC10953,13-09-2025,Access,High,Marketing,Agent 03,Resolved,9.5,Met,4
INC13300,13-09-2025,Security,Medium,Marketing,Agent 10,Resolved,10.2,Met,1
INC13646,13-09-2025,Security,Medium,IT,Agent 14,Resolved,32.9,Breached,3
INC11957,13-09-2025,Access,High,Sales,Agent 18,Resolved,5.4,Met,5
INC11298,14-09-2025,Software,High,HR,Agent 13,Resolved,11.4,Met,3
INC12630,14-09-2025,Access,Medium,Customer Service,Agent 17,Resolved,38.1,Breached,4
INC14502,14-09-2025,Hardware,Low,Operations,Agent 11,Resolved,92.1,Breached,4
INC11226,15-09-2025,Access,Low,Customer Service,Agent 03,Resolved,47.4,Met,5
INC14129,15-09-2025,Software,Critical,Operations,Agent 05,Resolved,4.7,Breached,4
INC10359,15-09-2025,Software,Low,HR,Agent 19,Reopened,15.5,Met,3
INC12441,15-09-2025,Access,Medium,Marketing,Agent 08,Resolved,17.7,Met,5
INC13206,15-09-2025,Network,Medium,Marketing,Agent 06,Resolved,38.5,Breached,5
INC12201,16-09-2025,Software,High,IT,Agent 10,Resolved,8.5,Met,3
INC10133,16-09-2025,Software,Low,Operations,Agent 05,Resolved,9.8,Met,5
INC11688,16-09-2025,Hardware,Medium,Customer Service,Agent 18,Resolved,21.3,Met,1
INC10505,16-09-2025,Software,High,Customer Service,Agent 12,Reopened,15,Breached,3
INC11153,16-09-2025,Database,High,Finance,Agent 02,Resolved,18.6,Breached,4
INC14526,16-09-2025,Access,Medium,HR,Agent 10,Resolved,7.9,Met,4
INC14464,17-09-2025,Email,Medium,Operations,Agent 02,Resolved,2.6,Met,4
INC14411,17-09-2025,Hardware,Low,Operations,Agent 01,Resolved,3.6,Met,3
INC11813,17-09-2025,Network,Medium,IT,Agent 20,Resolved,9.1,Met,5
INC12090,17-09-2025,Security,Low,Operations,Agent 03,Resolved,20.7,Met,5
INC12218,17-09-2025,Software,Medium,HR,Agent 04,Resolved,9,Met,5
INC12070,17-09-2025,Software,High,Finance,Agent 17,Resolved,16.4,Breached,5
INC12693,17-09-2025,Access,Medium,Marketing,Agent 04,Resolved,38,Breached,5
INC11454,18-09-2025,Database,Low,HR,Agent 14,Resolved,40.1,Met,5
INC13340,18-09-2025,Software,Medium,Finance,Agent 16,Resolved,3.5,Met,5
INC12088,18-09-2025,Hardware,Low,Finance,Agent 01,Resolved,31,Met,5
INC11903,18-09-2025,Software,Low,Finance,Agent 19,Resolved,9.7,Met,4
INC14772,18-09-2025,Network,High,Operations,Agent 09,Resolved,9.6,Met,5
INC12368,19-09-2025,Hardware,Medium,Marketing,Agent 18,Resolved,25,Breached,3
INC12370,19-09-2025,Email,Medium,Sales,Agent 20,Resolved,7.8,Met,4
INC12509,19-09-2025,Hardware,Medium,Marketing,Agent 05,Resolved,16.7,Met,5
INC11737,19-09-2025,Hardware,Medium,IT,Agent 06,Resolved,38.4,Breached,4
INC11203,19-09-2025,Hardware,Low,Sales,Agent 17,Resolved,6.8,Met,2
INC10189,20-09-2025,Network,Medium,Customer Service,Agent 07,Resolved,16.1,Met,4
INC11662,20-09-2025,Network,High,Operations,Agent 19,Resolved,12.7,Breached,3
INC14400,20-09-2025,Access,Medium,Operations,Agent 18,Resolved,6.1,Met,5
INC11613,20-09-2025,Access,Medium,HR,Agent 01,Resolved,9.1,Met,5
INC14149,20-09-2025,Network,Critical,Sales,Agent 20,Resolved,1.7,Met,4
INC13654,21-09-2025,Email,High,Sales,Agent 18,Resolved,17.9,Breached,3
INC12616,21-09-2025,Network,Low,Operations,Agent 16,Resolved,40.8,Met,5
INC10905,21-09-2025,Email,Medium,Finance,Agent 12,Resolved,5.2,Met,5
INC11371,21-09-2025,Software,Low,IT,Agent 07,Resolved,41,Met,4
INC11696,21-09-2025,Network,Medium,HR,Agent 15,Resolved,7.1,Met,4
INC13544,21-09-2025,Network,High,HR,Agent 08,Resolved,12.2,Breached,4
INC14552,22-09-2025,Access,Medium,Marketing,Agent 09,Resolved,16.8,Met,5
INC13482,22-09-2025,Access,Critical,HR,Agent 20,Resolved,5.2,Breached,5
INC10409,22-09-2025,Software,Low,HR,Agent 06,Resolved,30.5,Met,4
INC12942,22-09-2025,Network,Medium,Sales,Agent 12,Resolved,21.2,Met,5
INC13830,22-09-2025,Software,Low,HR,Agent 04,Resolved,40.4,Met,5
INC12311,22-09-2025,Network,Critical,HR,Agent 10,Resolved,2.1,Met,4
INC14595,23-09-2025,Access,Low,Finance,Agent 13,Resolved,15.4,Met,4
INC12430,23-09-2025,Security,Low,Finance,Agent 07,Resolved,12.3,Met,1
INC13705,23-09-2025,Database,High,HR,Agent 12,Resolved,19.5,Breached,1
INC11118,23-09-2025,Hardware,Medium,Customer Service,Agent 13,Resolved,23.4,Met,2
INC13211,23-09-2025,Network,High,Marketing,Agent 01,Resolved,4.5,Met,5
INC12961,23-09-2025,Hardware,Medium,IT,Agent 20,Resolved,14,Met,3
INC11763,23-09-2025,Database,Low,Customer Service,Agent 05,Resolved,35.7,Met,4
INC14785,24-09-2025,Network,High,Operations,Agent 15,Resolved,7.6,Met,1
INC11570,24-09-2025,Software,Low,HR,Agent 15,Resolved,24.2,Met,5
INC14401,24-09-2025,Network,Medium,Sales,Agent 07,Resolved,15.8,Met,5
INC11171,24-09-2025,Hardware,Critical,Operations,Agent 02,Resolved,4.5,Breached,5
INC12566,24-09-2025,Email,High,Sales,Agent 02,Resolved,7.4,Met,5
INC12853,24-09-2025,Email,Medium,Finance,Agent 09,Resolved,7.2,Met,4
INC13836,25-09-2025,Security,Medium,Marketing,Agent 07,Reopened,15.2,Met,4
INC10992,25-09-2025,Software,High,IT,Agent 01,Reopened,12.2,Breached,5
INC11059,25-09-2025,Software,Medium,Operations,Agent 06,Resolved,13.4,Met,4
INC13660,25-09-2025,Software,High,Operations,Agent 15,Resolved,5,Met,5
INC10146,25-09-2025,Access,Low,Marketing,Agent 14,Resolved,75.3,Breached,5
INC14791,25-09-2025,Access,Low,HR,Agent 19,Resolved,19.6,Met,4
INC10572,25-09-2025,Network,Medium,Customer Service,Agent 13,Resolved,48.3,Breached,4
INC12198,25-09-2025,Software,Medium,IT,Agent 15,Resolved,23.4,Met,3
INC10366,25-09-2025,Network,High,IT,Agent 07,Resolved,13.1,Breached,2
INC11428,25-09-2025,Network,Low,HR,Agent 01,Resolved,9.2,Met,4
INC12406,25-09-2025,Access,Medium,Customer Service,Agent 16,Resolved,13.9,Met,1
INC14495,25-09-2025,Email,High,HR,Agent 20,Resolved,3.7,Met,4
INC12443,25-09-2025,Network,Medium,Finance,Agent 10,Resolved,21.8,Met,4
INC13491,26-09-2025,Email,High,Operations,Agent 08,Resolved,8.5,Met,2
INC13875,26-09-2025,Email,Medium,Marketing,Agent 09,Resolved,7.8,Met,4
INC13398,26-09-2025,Network,High,IT,Agent 11,Resolved,4.7,Met,5
INC13997,26-09-2025,Software,Critical,Marketing,Agent 17,Resolved,13.3,Breached,4
INC12216,26-09-2025,Network,Medium,Customer Service,Agent 09,Reopened,29.8,Breached,2
INC14407,26-09-2025,Hardware,Critical,Finance,Agent 11,Resolved,3.7,Met,5
INC12294,27-09-2025,Software,Medium,Sales,Agent 20,Resolved,18.8,Met,2
INC14895,27-09-2025,Security,Medium,Operations,Agent 15,Resolved,62.2,Breached,5
INC13753,27-09-2025,Security,High,Marketing,Agent 18,Reopened,14.7,Breached,4
INC14094,27-09-2025,Security,Medium,Finance,Agent 13,Resolved,37.6,Breached,4
INC11263,27-09-2025,Database,Critical,IT,Agent 10,Resolved,7.8,Breached,5
INC11463,27-09-2025,Email,Medium,HR,Agent 02,Resolved,25.6,Breached,3
INC14909,28-09-2025,Software,Low,HR,Agent 01,Resolved,39,Met,5
INC13240,28-09-2025,Email,Medium,Finance,Agent 10,Resolved,13.9,Met,4
INC13727,28-09-2025,Email,High,Sales,Agent 19,Resolved,5.9,Met,1
INC14522,28-09-2025,Email,Critical,Customer Service,Agent 18,Resolved,1.5,Met,4
INC13913,28-09-2025,Hardware,Low,Finance,Agent 08,Resolved,65.6,Breached,5
INC11282,28-09-2025,Software,High,Customer Service,Agent 04,Resolved,7.4,Met,3
INC11303,28-09-2025,Access,Medium,Marketing,Agent 03,Reopened,40.3,Breached,4
INC10003,28-09-2025,Software,Medium,Operations,Agent 16,Resolved,20.7,Met,4
INC10063,28-09-2025,Database,Medium,Customer Service,Agent 20,Resolved,16.9,Met,3
INC10327,29-09-2025,Software,Medium,Sales,Agent 10,Resolved,39.1,Breached,4
INC13041,29-09-2025,Email,Medium,HR,Agent 10,Resolved,14.6,Met,4
INC11114,29-09-2025,Access,Medium,Marketing,Agent 04,Resolved,1.6,Met,4
INC13793,30-09-2025,Network,Medium,Sales,Agent 10,Resolved,12.6,Met,2
INC10399,30-09-2025,Software,High,HR,Agent 01,Resolved,1.2,Met,5
INC13842,30-09-2025,Email,High,Marketing,Agent 11,Resolved,8.3,Met,4
INC11321,30-09-2025,Access,High,Sales,Agent 17,Resolved,8.4,Met,4
INC14433,30-09-2025,Email,Medium,HR,Agent 12,Resolved,18.8,Met,5
INC12256,30-09-2025,Network,High,Finance,Agent 07,Resolved,0.5,Met,4
INC14837,30-09-2025,Network,High,Finance,Agent 08,Resolved,19.8,Breached,4
INC11933,30-09-2025,Software,Low,Finance,Agent 16,Resolved,55.3,Breached,5
INC12758,01-10-2025,Email,Low,Marketing,Agent 05,Resolved,25.1,Met,5
INC11331,01-10-2025,Hardware,Medium,Sales,Agent 19,Resolved,27.5,Breached,4
INC10039,01-10-2025,Access,High,Finance,Agent 12,Resolved,4.6,Met,3
INC12902,01-10-2025,Email,Low,Customer Service,Agent 04,Resolved,53.9,Breached,5
INC11107,01-10-2025,Software,High,Customer Service,Agent 13,Resolved,11.2,Met,5
INC14755,01-10-2025,Software,Low,Sales,Agent 20,Resolved,21.4,Met,3
INC10664,01-10-2025,Email,High,Operations,Agent 19,Reopened,6.2,Met,4
INC12952,01-10-2025,Hardware,Medium,Customer Service,Agent 01,Resolved,28.4,Breached,3
INC11043,02-10-2025,Email,Low,IT,Agent 20,Resolved,22.2,Met,3
INC14655,02-10-2025,Security,Critical,Customer Service,Agent 14,Resolved,4,Met,2
INC14391,02-10-2025,Network,Critical,HR,Agent 05,Resolved,1.8,Met,1
INC13789,03-10-2025,Network,Low,Finance,Agent 20,Resolved,31.2,Met,5
INC12333,03-10-2025,Hardware,High,Sales,Agent 05,Resolved,26.5,Breached,5
INC13657,03-10-2025,Software,Medium,Operations,Agent 06,Resolved,8.7,Met,4
INC13668,03-10-2025,Network,High,Finance,Agent 08,Resolved,3.9,Met,5
INC11467,03-10-2025,Database,Low,IT,Agent 10,Resolved,10.9,Met,5
INC14363,03-10-2025,Security,Medium,Marketing,Agent 13,Resolved,26.7,Breached,4
INC13600,04-10-2025,Database,High,Marketing,Agent 16,Resolved,17.9,Breached,4
INC12456,04-10-2025,Network,High,Finance,Agent 12,Resolved,8.9,Met,3
INC10022,04-10-2025,Hardware,Critical,IT,Agent 16,Resolved,8.3,Breached,4
INC10239,04-10-2025,Access,High,Operations,Agent 16,Resolved,9.3,Met,5
INC12161,04-10-2025,Security,Medium,HR,Agent 11,Resolved,25.7,Breached,4
INC11891,04-10-2025,Network,Medium,HR,Agent 07,Resolved,16,Met,4
INC10701,04-10-2025,Hardware,Medium,Marketing,Agent 09,Reopened,38,Breached,3
INC11631,04-10-2025,Access,Medium,Finance,Agent 08,Resolved,19,Met,4
INC12839,05-10-2025,Email,Low,HR,Agent 07,Resolved,7.9,Met,1
INC12527,05-10-2025,Security,Medium,Finance,Agent 04,Resolved,33.7,Breached,5
INC14491,05-10-2025,Hardware,Low,Marketing,Agent 07,Resolved,99.5,Breached,5
INC14960,05-10-2025,Email,Medium,Finance,Agent 08,Resolved,5.7,Met,5
INC12967,05-10-2025,Hardware,High,Customer Service,Agent 08,Resolved,16.8,Breached,4
INC11249,05-10-2025,Software,Low,HR,Agent 04,Resolved,33.7,Met,2
INC11972,05-10-2025,Network,Medium,Marketing,Agent 18,Resolved,58.2,Breached,1
INC13974,05-10-2025,Database,High,Marketing,Agent 05,Resolved,6.4,Met,4
INC10971,05-10-2025,Network,Critical,HR,Agent 14,Resolved,4.4,Breached,4
INC14200,05-10-2025,Email,Medium,Customer Service,Agent 01,Resolved,9.4,Met,4
INC12254,06-10-2025,Access,Low,Finance,Agent 09,Resolved,29.1,Met,4
INC11556,06-10-2025,Network,Medium,Operations,Agent 12,Resolved,50.6,Breached,5
INC13007,06-10-2025,Email,High,HR,Agent 15,Resolved,5.2,Met,2
INC11711,06-10-2025,Software,Low,Finance,Agent 08,Resolved,19.9,Met,5
INC10397,06-10-2025,Network,Medium,IT,Agent 08,Reopened,34.8,Breached,4
INC13797,06-10-2025,Software,Medium,HR,Agent 15,Resolved,16.9,Met,4
INC10959,07-10-2025,Software,Medium,Finance,Agent 18,Resolved,20.6,Met,5
INC10257,07-10-2025,Email,Medium,Operations,Agent 09,Resolved,13.4,Met,4
INC11666,07-10-2025,Email,Medium,IT,Agent 03,Resolved,24.2,Breached,4
INC14292,07-10-2025,Network,High,Finance,Agent 02,Resolved,13.3,Breached,3
INC12994,07-10-2025,Hardware,Medium,Sales,Agent 04,Resolved,19,Met,4
INC12548,07-10-2025,Hardware,Medium,Customer Service,Agent 15,Reopened,25.2,Breached,3
INC12292,08-10-2025,Software,Medium,Customer Service,Agent 03,Resolved,15.6,Met,4
INC12674,08-10-2025,Email,Critical,Finance,Agent 13,Resolved,6.6,Breached,4
INC14107,08-10-2025,Software,Critical,HR,Agent 04,Resolved,12.4,Breached,5
INC11982,08-10-2025,Email,Medium,Finance,Agent 11,Resolved,11.7,Met,5
INC14178,08-10-2025,Access,High,Marketing,Agent 05,Resolved,9.4,Met,4
INC10616,08-10-2025,Hardware,Medium,Operations,Agent 18,Resolved,47.6,Breached,2
INC13395,09-10-2025,Access,High,IT,Agent 19,Resolved,14,Breached,4
INC13917,09-10-2025,Access,Medium,Sales,Agent 06,Resolved,4.1,Met,5
INC12971,09-10-2025,Network,Medium,Finance,Agent 19,Resolved,0.8,Met,5
INC10694,09-10-2025,Access,High,Operations,Agent 17,Resolved,8.6,Met,4
INC10539,09-10-2025,Hardware,High,IT,Agent 08,Reopened,9.6,Met,4
INC12371,10-10-2025,Security,Medium,Marketing,Agent 03,Resolved,54.8,Breached,3
INC13319,10-10-2025,Database,High,HR,Agent 06,Resolved,4.6,Met,5
INC11966,10-10-2025,Email,High,Finance,Agent 19,Resolved,18.2,Breached,3
INC10816,10-10-2025,Hardware,Medium,HR,Agent 09,Resolved,5.4,Met,4
INC12995,10-10-2025,Access,Medium,Customer Service,Agent 06,Resolved,13.4,Met,4
INC13910,10-10-2025,Network,Medium,IT,Agent 14,Resolved,46,Breached,4
INC13102,10-10-2025,Network,Low,Marketing,Agent 13,Resolved,23.1,Met,2
INC10236,10-10-2025,Network,High,Finance,Agent 10,Resolved,11.1,Met,4
INC13197,10-10-2025,Security,Medium,HR,Agent 14,Resolved,22.4,Met,5
INC14266,10-10-2025,Hardware,Medium,Marketing,Agent 17,Resolved,16.4,Met,4
INC10132,10-10-2025,Access,Low,Sales,Agent 07,Reopened,10.9,Met,4
INC12299,11-10-2025,Hardware,Critical,Marketing,Agent 17,Resolved,4.6,Breached,5
INC14855,11-10-2025,Security,Medium,Sales,Agent 09,Resolved,7.7,Met,4
INC10240,11-10-2025,Software,Medium,Sales,Agent 14,Resolved,39.8,Breached,4
INC12560,11-10-2025,Security,Low,Finance,Agent 02,Resolved,42.8,Met,5
INC13217,11-10-2025,Hardware,Medium,HR,Agent 10,Resolved,32.6,Breached,3
INC14978,11-10-2025,Access,High,IT,Agent 16,Resolved,16.3,Breached,3
INC11871,11-10-2025,Email,High,HR,Agent 04,Resolved,8.7,Met,4
INC11470,11-10-2025,Hardware,Medium,Finance,Agent 18,Resolved,5.4,Met,2
INC10370,12-10-2025,Hardware,Medium,Sales,Agent 06,Resolved,36.5,Breached,5
INC13348,12-10-2025,Network,Low,Sales,Agent 14,Resolved,19.5,Met,5
INC14846,12-10-2025,Email,Medium,IT,Agent 20,Resolved,10.7,Met,3
INC10335,12-10-2025,Hardware,Low,Marketing,Agent 05,Resolved,32.8,Met,4
INC10871,12-10-2025,Email,Medium,Operations,Agent 06,Resolved,14.4,Met,2
INC10889,12-10-2025,Email,Low,Sales,Agent 17,Resolved,62.5,Breached,3
INC14286,12-10-2025,Hardware,Low,IT,Agent 04,Resolved,74.2,Breached,4
INC10943,12-10-2025,Email,High,Customer Service,Agent 12,Resolved,5.3,Met,5
INC10893,13-10-2025,Access,Low,HR,Agent 02,Resolved,30.9,Met,4
INC13895,14-10-2025,Hardware,Medium,Finance,Agent 02,Resolved,65.4,Breached,4
INC11700,14-10-2025,Database,High,Customer Service,Agent 14,Resolved,29.4,Breached,5
INC13783,14-10-2025,Security,Low,Operations,Agent 18,Resolved,50.8,Breached,4
INC11538,14-10-2025,Access,High,HR,Agent 20,Resolved,1.6,Met,5
INC12600,14-10-2025,Software,Medium,IT,Agent 02,Resolved,9.6,Met,4
INC14329,14-10-2025,Network,High,Customer Service,Agent 10,Reopened,5.8,Met,4
INC14045,14-10-2025,Email,Medium,Sales,Agent 06,Resolved,7.8,Met,5
INC13877,15-10-2025,Database,Medium,Operations,Agent 13,Resolved,11,Met,4
INC11940,15-10-2025,Software,Medium,Sales,Agent 18,Resolved,36.3,Breached,4
INC10929,15-10-2025,Email,High,Sales,Agent 14,Resolved,12.4,Breached,4
INC11063,15-10-2025,Access,High,Operations,Agent 02,Resolved,14.1,Breached,2
INC10272,15-10-2025,Hardware,Low,Sales,Agent 02,Resolved,66.8,Breached,4
INC11929,15-10-2025,Software,Medium,Sales,Agent 05,Resolved,25.2,Breached,5
INC13595,15-10-2025,Email,High,HR,Agent 10,Resolved,11.2,Met,5
INC11928,15-10-2025,Access,High,Sales,Agent 12,Resolved,3.5,Met,4
INC14069,15-10-2025,Email,Low,Finance,Agent 18,Resolved,10.2,Met,5
INC11399,15-10-2025,Access,Low,Marketing,Agent 20,Resolved,4.3,Met,3
INC10087,16-10-2025,Access,High,Customer Service,Agent 15,Resolved,10,Met,5
INC13147,16-10-2025,Software,Medium,Finance,Agent 20,Resolved,2.9,Met,4
INC10346,16-10-2025,Security,High,Sales,Agent 10,Reopened,8.9,Met,5
INC13378,16-10-2025,Access,Low,HR,Agent 01,Resolved,8.9,Met,5
INC11014,16-10-2025,Email,Low,Sales,Agent 16,Resolved,37.9,Met,4
INC10699,16-10-2025,Security,High,Marketing,Agent 10,Resolved,5.4,Met,5
INC10789,16-10-2025,Hardware,High,Finance,Agent 02,Resolved,17.4,Breached,5
INC13358,16-10-2025,Email,Medium,Operations,Agent 11,Resolved,10.8,Met,5
INC12257,16-10-2025,Security,High,Operations,Agent 10,Resolved,6.6,Met,5
INC14658,16-10-2025,Network,Low,Operations,Agent 05,Resolved,32.4,Met,5
INC11766,16-10-2025,Access,High,IT,Agent 18,Resolved,5.1,Met,4
INC11202,16-10-2025,Network,Medium,Finance,Agent 02,Resolved,25.2,Breached,4
INC12661,17-10-2025,Hardware,Medium,Marketing,Agent 16,Resolved,8.7,Met,5
INC12699,17-10-2025,Software,Low,Marketing,Agent 05,Resolved,16,Met,2
INC13002,17-10-2025,Access,High,Sales,Agent 01,Resolved,8.2,Met,3
INC12477,17-10-2025,Access,Medium,IT,Agent 05,Resolved,17.6,Met,3
INC12642,17-10-2025,Network,Medium,IT,Agent 04,Resolved,6.3,Met,3
INC14940,18-10-2025,Software,High,Marketing,Agent 07,Resolved,15.8,Breached,2
INC11604,18-10-2025,Access,Medium,Marketing,Agent 04,Resolved,3.2,Met,5
INC14336,18-10-2025,Hardware,Medium,Customer Service,Agent 16,Resolved,18.7,Met,4
INC12380,18-10-2025,Email,High,Operations,Agent 16,Reopened,12.9,Breached,4
INC11568,18-10-2025,Access,Medium,Finance,Agent 06,Resolved,26.8,Breached,4
INC13438,19-10-2025,Access,High,Marketing,Agent 20,Resolved,3,Met,4
INC14473,19-10-2025,Software,High,Marketing,Agent 20,Resolved,8.9,Met,5
INC12622,19-10-2025,Email,High,HR,Agent 16,Reopened,5.2,Met,4
INC10815,19-10-2025,Hardware,High,HR,Agent 03,Resolved,8.8,Met,4
INC12734,20-10-2025,Software,Medium,Marketing,Agent 12,Resolved,8.5,Met,4
INC14166,20-10-2025,Network,Low,Marketing,Agent 17,Resolved,41.4,Met,3
INC11482,20-10-2025,Software,Medium,IT,Agent 10,Resolved,30.7,Breached,4
INC13868,20-10-2025,Software,Critical,Sales,Agent 05,Resolved,3.7,Met,4
INC11581,20-10-2025,Network,Low,HR,Agent 18,Resolved,22.5,Met,5
INC11640,20-10-2025,Hardware,Low,HR,Agent 13,Resolved,42.5,Met,3
INC11128,20-10-2025,Security,High,IT,Agent 12,Resolved,4.4,Met,5
INC10167,21-10-2025,Software,Medium,IT,Agent 05,Resolved,12.5,Met,4
INC12157,21-10-2025,Access,Critical,Sales,Agent 05,Resolved,1.4,Met,3
INC12706,21-10-2025,Security,Medium,Finance,Agent 02,Resolved,10.7,Met,4
INC11510,21-10-2025,Database,Medium,HR,Agent 15,Resolved,27.5,Breached,4
INC12877,21-10-2025,Network,Low,Customer Service,Agent 03,Resolved,51.1,Breached,4
INC14668,21-10-2025,Access,Medium,Finance,Agent 06,Resolved,13.7,Met,4
INC14570,21-10-2025,Software,Medium,Marketing,Agent 10,Resolved,19.3,Met,4
INC13282,22-10-2025,Database,Low,Finance,Agent 07,Resolved,14.5,Met,5
INC10773,22-10-2025,Database,Medium,Marketing,Agent 07,Resolved,15.6,Met,5
INC13394,22-10-2025,Network,High,Operations,Agent 05,Resolved,9.3,Met,5
INC13184,22-10-2025,Network,High,Customer Service,Agent 16,Reopened,5.1,Met,5
INC14993,22-10-2025,Email,Low,IT,Agent 06,Resolved,40.5,Met,5
INC11424,22-10-2025,Software,Medium,Marketing,Agent 09,Resolved,15.8,Met,5
INC13620,23-10-2025,Software,High,Operations,Agent 10,Resolved,6.1,Met,4
INC10772,23-10-2025,Hardware,Low,Sales,Agent 09,Resolved,42.4,Met,4
INC10757,23-10-2025,Security,Medium,IT,Agent 12,Resolved,26.5,Breached,4
INC10839,23-10-2025,Access,Critical,Operations,Agent 04,Resolved,5.1,Breached,4
INC11027,23-10-2025,Network,High,Customer Service,Agent 13,Resolved,21.1,Breached,4
INC14241,23-10-2025,Network,Medium,HR,Agent 10,Resolved,29.6,Breached,5
INC11002,23-10-2025,Hardware,Low,IT,Agent 19,Resolved,12.5,Met,4
INC13260,23-10-2025,Software,Medium,Marketing,Agent 07,Resolved,5.4,Met,5
INC14704,23-10-2025,Hardware,Low,Sales,Agent 20,Resolved,16.8,Met,4
INC12440,23-10-2025,Email,Low,Operations,Agent 11,Resolved,21.1,Met,3
INC13635,23-10-2025,Network,Medium,Customer Service,Agent 09,Resolved,36.6,Breached,4
INC12189,24-10-2025,Database,High,HR,Agent 08,Resolved,18,Breached,3
INC14714,24-10-2025,Software,Medium,Customer Service,Agent 12,Resolved,28,Breached,5
INC14788,25-10-2025,Hardware,Medium,IT,Agent 11,Resolved,28.3,Breached,4
INC11435,25-10-2025,Access,High,Finance,Agent 17,Resolved,4.7,Met,5
INC14255,25-10-2025,Network,High,IT,Agent 05,Resolved,11.3,Met,4
INC10188,25-10-2025,Hardware,Low,HR,Agent 04,Resolved,15.5,Met,4
INC14883,25-10-2025,Network,Medium,Customer Service,Agent 03,Resolved,25.1,Breached,4
INC14378,26-10-2025,Email,High,Marketing,Agent 08,Resolved,5.5,Met,5
INC13873,26-10-2025,Hardware,Low,HR,Agent 03,Resolved,28,Met,1
INC13259,26-10-2025,Access,High,Customer Service,Agent 03,Resolved,18,Breached,4
INC13549,26-10-2025,Email,Critical,Finance,Agent 01,Resolved,0.6,Met,4
INC12543,27-10-2025,Software,High,Sales,Agent 08,Resolved,6.5,Met,5
INC11582,27-10-2025,Access,Medium,Operations,Agent 18,Resolved,22.8,Met,5
INC13500,27-10-2025,Software,Critical,Marketing,Agent 03,Resolved,3.3,Met,3
INC12851,28-10-2025,Software,High,Operations,Agent 18,Resolved,24.3,Breached,4
INC11458,28-10-2025,Access,Medium,IT,Agent 12,Resolved,10.1,Met,5
INC11339,28-10-2025,Access,Critical,Marketing,Agent 01,Resolved,4.7,Breached,5
INC11393,28-10-2025,Access,Medium,Sales,Agent 16,Resolved,36.1,Breached,5
INC10456,28-10-2025,Network,Medium,Finance,Agent 03,Resolved,12.8,Met,4
INC11194,28-10-2025,Network,Critical,Marketing,Agent 09,Resolved,8.7,Breached,3
INC12342,28-10-2025,Database,Critical,HR,Agent 19,Resolved,8.3,Breached,3
INC11667,29-10-2025,Software,Medium,Finance,Agent 14,Resolved,8.9,Met,5
INC12000,29-10-2025,Network,Medium,Finance,Agent 19,Resolved,38.7,Breached,5
INC12276,29-10-2025,Security,High,Finance,Agent 02,Resolved,4.4,Met,5
INC13938,29-10-2025,Security,High,Finance,Agent 20,Resolved,2.7,Met,5
INC12880,29-10-2025,Security,Medium,Marketing,Agent 11,Resolved,9.3,Met,4
INC12383,29-10-2025,Access,Medium,Customer Service,Agent 02,Resolved,13,Met,4
INC14222,29-10-2025,Email,High,HR,Agent 09,Resolved,19.1,Breached,4
INC11952,29-10-2025,Hardware,Medium,Sales,Agent 18,Resolved,10.8,Met,2
INC10260,29-10-2025,Security,Medium,Customer Service,Agent 13,Resolved,19.1,Met,3
INC11701,30-10-2025,Access,Medium,Marketing,Agent 11,Resolved,1.6,Met,5
INC12612,30-10-2025,Software,Low,Marketing,Agent 02,Resolved,11.3,Met,5
INC10577,30-10-2025,Software,Low,Operations,Agent 06,Resolved,13.3,Met,5
INC12975,30-10-2025,Security,Low,Operations,Agent 08,Resolved,114.3,Breached,4
INC11293,30-10-2025,Hardware,Low,IT,Agent 03,Resolved,11.1,Met,4
INC14258,30-10-2025,Access,Low,Marketing,Agent 08,Resolved,24.6,Met,4
INC13313,30-10-2025,Network,Low,IT,Agent 06,Resolved,20.3,Met,4
INC14692,30-10-2025,Software,Medium,Sales,Agent 06,Resolved,21.6,Met,4
INC11459,30-10-2025,Network,Low,Customer Service,Agent 03,Resolved,42,Met,4
INC13943,30-10-2025,Email,Medium,IT,Agent 05,Resolved,11.4,Met,2
INC11534,30-10-2025,Database,Low,Sales,Agent 19,Resolved,41.7,Met,5
INC10649,30-10-2025,Network,High,Customer Service,Agent 06,Resolved,18.5,Breached,2
INC12740,30-10-2025,Hardware,Medium,Operations,Agent 19,Resolved,6.7,Met,4
INC12737,31-10-2025,Hardware,Medium,Customer Service,Agent 06,Resolved,8.9,Met,5
INC11580,31-10-2025,Access,Low,IT,Agent 16,Resolved,30.5,Met,2
INC10193,31-10-2025,Network,Medium,Marketing,Agent 09,Resolved,14.5,Met,4
INC14487,31-10-2025,Network,Medium,Customer Service,Agent 15,Resolved,4.6,Met,4
INC13268,31-10-2025,Email,Low,Operations,Agent 02,Resolved,31.4,Met,5
INC11540,31-10-2025,Network,High,IT,Agent 11,Resolved,10.9,Met,3
INC13561,31-10-2025,Network,High,IT,Agent 02,Resolved,2,Met,4
INC14142,31-10-2025,Software,Medium,Operations,Agent 06,Resolved,22.1,Met,4
INC12128,01-11-2025,Email,Medium,Operations,Agent 15,Resolved,3.2,Met,5
INC14832,01-11-2025,Software,Low,Sales,Agent 12,Reopened,34.4,Met,4
INC12532,01-11-2025,Hardware,Medium,IT,Agent 02,Resolved,5.8,Met,2
INC10499,01-11-2025,Access,High,Customer Service,Agent 17,Resolved,13.3,Breached,5
INC14414,01-11-2025,Access,Low,Customer Service,Agent 04,Resolved,17.7,Met,5
INC11566,01-11-2025,Access,Medium,Customer Service,Agent 19,Resolved,20.6,Met,2
INC13400,01-11-2025,Access,Medium,Sales,Agent 01,Resolved,14.7,Met,4
INC11262,02-11-2025,Network,Medium,Customer Service,Agent 15,Resolved,47.4,Breached,5
INC14599,02-11-2025,Email,Critical,Operations,Agent 11,Resolved,7.3,Breached,4
INC10584,02-11-2025,Access,Low,Customer Service,Agent 13,Resolved,26.2,Met,4
INC14942,02-11-2025,Hardware,Medium,Sales,Agent 05,Resolved,50.2,Breached,5
INC14458,02-11-2025,Software,Medium,Customer Service,Agent 02,Reopened,6.6,Met,3
INC12183,03-11-2025,Network,High,HR,Agent 07,Resolved,16,Breached,2
INC12250,03-11-2025,Software,High,HR,Agent 19,Resolved,5.8,Met,5
INC12812,03-11-2025,Access,Medium,Sales,Agent 09,Resolved,30.8,Breached,5
INC11513,04-11-2025,Hardware,Medium,Marketing,Agent 09,Resolved,26.1,Breached,2
INC13825,04-11-2025,Email,Medium,Customer Service,Agent 01,Resolved,13.3,Met,2
INC14795,04-11-2025,Software,Medium,IT,Agent 12,Resolved,2.2,Met,5
INC13780,04-11-2025,Access,Critical,Customer Service,Agent 11,Reopened,12.5,Breached,1
INC10589,04-11-2025,Access,Medium,Marketing,Agent 13,Resolved,4.4,Met,3
INC11849,04-11-2025,Email,High,Sales,Agent 14,Resolved,10.4,Met,3
INC11398,05-11-2025,Database,Critical,Marketing,Agent 04,Resolved,3,Met,3
INC11309,05-11-2025,Database,High,HR,Agent 16,Resolved,6.3,Met,5
INC13195,05-11-2025,Email,High,IT,Agent 03,Resolved,7.2,Met,5
INC13659,05-11-2025,Email,Medium,Marketing,Agent 01,Resolved,8.2,Met,4
INC13754,06-11-2025,Network,High,Marketing,Agent 18,Resolved,2.8,Met,4
INC14322,06-11-2025,Email,High,Marketing,Agent 13,Resolved,5.4,Met,3
INC14670,06-11-2025,Software,Medium,HR,Agent 01,Resolved,24.3,Breached,4
INC13040,06-11-2025,Software,High,Sales,Agent 08,Resolved,9.4,Met,2
INC11144,06-11-2025,Network,Medium,Operations,Agent 19,Reopened,19.7,Met,5
INC11348,06-11-2025,Network,Critical,Customer Service,Agent 13,Reopened,9.4,Breached,4
INC14931,06-11-2025,Network,High,Customer Service,Agent 15,Resolved,4.9,Met,5
INC13327,07-11-2025,Hardware,High,HR,Agent 05,Resolved,9.8,Met,2
INC11736,07-11-2025,Security,Low,Sales,Agent 05,Resolved,18.9,Met,5
INC13957,07-11-2025,Network,High,Customer Service,Agent 15,Resolved,2,Met,4
INC11101,07-11-2025,Hardware,Medium,IT,Agent 09,Resolved,16.4,Met,5
INC12446,07-11-2025,Hardware,Low,Sales,Agent 07,Resolved,50.4,Breached,5
INC14176,07-11-2025,Email,High,Sales,Agent 18,Resolved,4.5,Met,5
INC10659,08-11-2025,Database,Medium,Finance,Agent 13,Resolved,20.5,Met,4
INC13320,08-11-2025,Database,Medium,Marketing,Agent 09,Resolved,16.7,Met,5
INC11013,08-11-2025,Software,Critical,Marketing,Agent 07,Resolved,4.5,Breached,1
INC14870,08-11-2025,Database,High,Operations,Agent 17,Resolved,20.7,Breached,5
INC11618,08-11-2025,Database,Medium,Customer Service,Agent 10,Resolved,28,Breached,2
INC11402,08-11-2025,Network,Low,Finance,Agent 20,Resolved,25.1,Met,4
INC14689,09-11-2025,Network,High,Operations,Agent 10,Resolved,8.2,Met,3
INC10917,09-11-2025,Software,Medium,Marketing,Agent 13,Resolved,3.1,Met,5
INC12275,09-11-2025,Security,Critical,Finance,Agent 10,Resolved,11,Breached,1
INC12092,09-11-2025,Software,Medium,Sales,Agent 20,Reopened,15.4,Met,3
INC14425,09-11-2025,Hardware,Medium,Customer Service,Agent 15,Resolved,27.8,Breached,2
INC13117,09-11-2025,Hardware,Low,Customer Service,Agent 12,Resolved,9.3,Met,2
INC12773,09-11-2025,Network,Medium,Marketing,Agent 14,Resolved,29.3,Breached,4
INC14055,09-11-2025,Software,High,Marketing,Agent 15,Resolved,8,Met,5
INC12673,09-11-2025,Hardware,Medium,Operations,Agent 09,Resolved,11.8,Met,2
INC13263,10-11-2025,Access,Medium,HR,Agent 15,Reopened,15.3,Met,3
INC14115,10-11-2025,Access,High,Finance,Agent 06,Resolved,3.1,Met,2
INC12252,10-11-2025,Network,Low,Customer Service,Agent 16,Resolved,34.5,Met,4
INC12053,10-11-2025,Access,Medium,IT,Agent 12,Resolved,31.3,Breached,4
INC13474,10-11-2025,Network,High,HR,Agent 08,Resolved,13.9,Breached,4
INC13097,11-11-2025,Hardware,High,HR,Agent 19,Resolved,9.1,Met,4
INC13590,11-11-2025,Hardware,Medium,Marketing,Agent 11,Resolved,30.6,Breached,4
INC13213,11-11-2025,Network,High,IT,Agent 13,Resolved,15.8,Breached,5
INC10697,11-11-2025,Network,High,Operations,Agent 06,Resolved,4,Met,5
INC14250,12-11-2025,Email,Low,HR,Agent 20,Resolved,44.7,Met,4
INC10516,12-11-2025,Network,Medium,Finance,Agent 08,Resolved,20.8,Met,4
INC14092,12-11-2025,Hardware,High,IT,Agent 05,Resolved,3.7,Met,4
INC14319,13-11-2025,Database,Medium,Operations,Agent 11,Resolved,52.9,Breached,3
INC14899,13-11-2025,Database,Medium,IT,Agent 10,Resolved,15.7,Met,4
INC13463,13-11-2025,Software,Low,Sales,Agent 10,Reopened,57.4,Breached,2
INC13393,13-11-2025,Security,Medium,Customer Service,Agent 17,Resolved,16.2,Met,3
INC11364,13-11-2025,Email,Critical,Marketing,Agent 02,Resolved,1.6,Met,4
INC14025,13-11-2025,Hardware,Medium,IT,Agent 16,Resolved,46.1,Breached,5
INC14403,13-11-2025,Software,Medium,HR,Agent 10,Resolved,28.7,Breached,4
INC11441,14-11-2025,Network,Medium,IT,Agent 04,Resolved,5.6,Met,5
INC13169,14-11-2025,Network,High,Finance,Agent 10,Resolved,32.3,Breached,4
INC10887,14-11-2025,Hardware,Medium,Operations,Agent 17,Resolved,16.1,Met,4
INC14983,14-11-2025,Hardware,Low,HR,Agent 14,Resolved,10,Met,4
INC13140,14-11-2025,Hardware,High,IT,Agent 18,Resolved,5.4,Met,4
INC10137,14-11-2025,Software,Medium,Finance,Agent 11,Resolved,16.1,Met,5
INC11374,14-11-2025,Software,Low,IT,Agent 07,Resolved,23.1,Met,5
INC14817,14-11-2025,Network,High,Finance,Agent 14,Resolved,12.3,Breached,5
INC12388,14-11-2025,Hardware,Medium,IT,Agent 07,Resolved,24,Met,5
INC10746,15-11-2025,Network,Medium,HR,Agent 18,Resolved,8.9,Met,4
INC13274,15-11-2025,Security,High,Sales,Agent 18,Resolved,43.1,Breached,5
INC14615,15-11-2025,Hardware,High,IT,Agent 03,Resolved,19.9,Breached,4
INC12047,15-11-2025,Database,High,HR,Agent 02,Resolved,10,Met,5
INC14446,16-11-2025,Network,High,Marketing,Agent 17,Resolved,14.6,Breached,5
INC10695,16-11-2025,Network,High,Marketing,Agent 15,Reopened,6.6,Met,5
INC12312,16-11-2025,Network,Medium,Operations,Agent 07,Resolved,16.8,Met,4
INC11907,16-11-2025,Database,Medium,Customer Service,Agent 17,Resolved,9.1,Met,3
INC11661,16-11-2025,Security,Medium,Sales,Agent 18,Resolved,24.1,Breached,5
INC11717,17-11-2025,Access,Low,Customer Service,Agent 12,Resolved,27.6,Met,4
INC14235,17-11-2025,Network,Medium,Marketing,Agent 01,Reopened,3.7,Met,3
INC10288,17-11-2025,Software,Critical,Operations,Agent 18,Resolved,4.8,Breached,5
INC10745,17-11-2025,Security,Medium,Customer Service,Agent 10,Reopened,16.8,Met,3
INC12667,17-11-2025,Email,Medium,Finance,Agent 11,Resolved,2.3,Met,4
INC14271,18-11-2025,Software,Medium,Finance,Agent 06,Resolved,6.9,Met,4
INC13165,18-11-2025,Software,Medium,HR,Agent 19,Resolved,36.8,Breached,5
INC10714,18-11-2025,Database,High,IT,Agent 01,Resolved,12.7,Breached,4
INC12654,18-11-2025,Software,Medium,Marketing,Agent 20,Resolved,41.3,Breached,4
INC11199,19-11-2025,Network,Low,HR,Agent 18,Resolved,26.7,Met,2
INC10268,19-11-2025,Email,Medium,Customer Service,Agent 19,Resolved,3.3,Met,4
INC10271,19-11-2025,Email,Medium,IT,Agent 07,Resolved,6.7,Met,4
INC14628,19-11-2025,Access,High,HR,Agent 14,Resolved,21.5,Breached,4
INC11172,19-11-2025,Network,High,IT,Agent 11,Resolved,0.9,Met,5
INC12596,19-11-2025,Access,Medium,Operations,Agent 08,Resolved,9.4,Met,4
INC13447,19-11-2025,Database,High,Sales,Agent 06,Resolved,4.7,Met,4
INC10811,20-11-2025,Network,High,Operations,Agent 03,Resolved,5.9,Met,3
INC12418,20-11-2025,Hardware,Medium,Operations,Agent 08,Resolved,63.2,Breached,3
INC11596,20-11-2025,Hardware,High,Sales,Agent 10,Resolved,9.4,Met,3
INC14822,20-11-2025,Software,High,HR,Agent 18,Resolved,9.9,Met,4
INC12956,20-11-2025,Network,Medium,Sales,Agent 11,Resolved,26.1,Breached,2
INC11548,20-11-2025,Software,Low,Customer Service,Agent 05,Resolved,25.2,Met,4
INC14814,21-11-2025,Access,High,Sales,Agent 17,Reopened,23.4,Breached,1
INC14951,21-11-2025,Software,Medium,Sales,Agent 07,Resolved,5.2,Met,3
INC13399,21-11-2025,Access,Medium,Sales,Agent 02,Resolved,15,Met,4
INC12331,21-11-2025,Hardware,Medium,HR,Agent 03,Resolved,21.5,Met,4
INC13167,21-11-2025,Network,Critical,HR,Agent 10,Resolved,14.9,Breached,3
INC14353,22-11-2025,Software,High,IT,Agent 09,Resolved,3.1,Met,5
INC10727,22-11-2025,Network,Low,Customer Service,Agent 12,Resolved,16.1,Met,4
INC11239,22-11-2025,Software,Low,Marketing,Agent 17,Resolved,57.8,Breached,5
INC14338,22-11-2025,Email,Low,HR,Agent 16,Resolved,6.9,Met,5
INC13011,22-11-2025,Hardware,Medium,Operations,Agent 04,Resolved,22,Met,2
INC11585,22-11-2025,Email,Medium,Sales,Agent 11,Resolved,18.9,Met,5
INC14966,23-11-2025,Software,Medium,Finance,Agent 05,Resolved,31.1,Breached,5
INC14028,23-11-2025,Network,Low,Operations,Agent 17,Resolved,14.1,Met,2
INC12136,23-11-2025,Network,Medium,IT,Agent 14,Resolved,13.4,Met,5
INC14230,23-11-2025,Hardware,Medium,Marketing,Agent 05,Resolved,1.1,Met,5
INC12301,23-11-2025,Network,High,HR,Agent 10,Resolved,13.2,Breached,1
INC13741,23-11-2025,Access,High,Operations,Agent 09,Resolved,10.5,Met,4
INC14587,23-11-2025,Security,Medium,Operations,Agent 19,Resolved,38.6,Breached,4
INC12619,23-11-2025,Access,Medium,Marketing,Agent 07,Resolved,13.4,Met,5
INC14867,23-11-2025,Hardware,Low,Operations,Agent 19,Reopened,16.5,Met,4
INC14863,24-11-2025,Security,High,IT,Agent 13,Resolved,7.4,Met,4
INC11186,24-11-2025,Software,Low,Operations,Agent 08,Resolved,12.5,Met,3
INC13798,24-11-2025,Software,Medium,Sales,Agent 19,Resolved,8.7,Met,3
INC14396,24-11-2025,Access,Low,HR,Agent 20,Resolved,7.2,Met,4
INC13795,24-11-2025,Database,Critical,Finance,Agent 06,Resolved,9.7,Breached,4
INC12592,25-11-2025,Network,High,IT,Agent 05,Resolved,3.3,Met,5
INC10747,25-11-2025,Access,Low,Customer Service,Agent 08,Resolved,17.8,Met,2
INC11914,25-11-2025,Email,Medium,Marketing,Agent 07,Resolved,4.5,Met,4
INC11806,25-11-2025,Email,High,HR,Agent 13,Resolved,5.7,Met,4
INC11169,25-11-2025,Hardware,High,Sales,Agent 19,Resolved,4.5,Met,4
INC14757,25-11-2025,Access,High,Marketing,Agent 19,Resolved,25,Breached,4
INC12751,25-11-2025,Software,Medium,Sales,Agent 11,Resolved,17,Met,5
INC10938,26-11-2025,Network,Medium,Sales,Agent 20,Resolved,5.6,Met,5
INC10508,26-11-2025,Email,Critical,Sales,Agent 05,Resolved,1.9,Met,5
INC11046,26-11-2025,Network,Critical,Customer Service,Agent 08,Resolved,20.7,Breached,4
INC14775,26-11-2025,Network,Medium,IT,Agent 09,Reopened,13.7,Met,5
INC13382,26-11-2025,Hardware,High,Finance,Agent 20,Resolved,5.4,Met,4
INC11558,27-11-2025,Software,High,Marketing,Agent 09,Resolved,19.8,Breached,4
INC14243,27-11-2025,Access,Medium,Operations,Agent 11,Resolved,12.8,Met,5
INC12836,27-11-2025,Email,High,Sales,Agent 16,Resolved,4.1,Met,5
INC14716,27-11-2025,Access,Critical,Customer Service,Agent 14,Resolved,8.7,Breached,3
INC14132,27-11-2025,Network,Medium,Customer Service,Agent 07,Resolved,10.6,Met,5
INC10123,27-11-2025,Hardware,Low,IT,Agent 04,Resolved,6.6,Met,4
INC14850,27-11-2025,Security,Medium,Sales,Agent 15,Resolved,56.6,Breached,4
INC13265,27-11-2025,Email,High,Sales,Agent 19,Resolved,6,Met,3
INC10010,27-11-2025,Security,Medium,Customer Service,Agent 06,Resolved,1.8,Met,4
INC12899,28-11-2025,Network,High,HR,Agent 11,Resolved,14.6,Breached,5
INC12346,28-11-2025,Hardware,High,Customer Service,Agent 01,Resolved,2.6,Met,4
INC12424,28-11-2025,Hardware,Medium,Operations,Agent 12,Resolved,15.5,Met,5
INC12403,28-11-2025,Hardware,High,HR,Agent 20,Resolved,1.6,Met,4
INC11409,28-11-2025,Access,Medium,Operations,Agent 17,Resolved,8.7,Met,5
INC14295,28-11-2025,Software,Critical,Operations,Agent 17,Resolved,0.8,Met,4
INC14145,29-11-2025,Hardware,Medium,Sales,Agent 12,Resolved,6.9,Met,5
INC14586,29-11-2025,Access,Medium,Operations,Agent 11,Resolved,13,Met,4
INC14581,29-11-2025,Access,High,IT,Agent 03,Resolved,6.4,Met,3
INC14431,30-11-2025,Hardware,High,HR,Agent 09,Resolved,5.2,Met,5
INC10752,30-11-2025,Hardware,High,HR,Agent 07,Resolved,10.2,Met,5
INC14118,30-11-2025,Security,High,Sales,Agent 14,Resolved,3.5,Met,4
INC14922,30-11-2025,Network,Medium,Finance,Agent 16,Resolved,17.5,Met,5
INC11599,30-11-2025,Software,High,Operations,Agent 09,Resolved,5.5,Met,5
INC13444,01-12-2025,Hardware,Medium,Operations,Agent 04,Resolved,1,Met,4
INC14192,01-12-2025,Network,High,Finance,Agent 01,Resolved,1.6,Met,5
INC11246,01-12-2025,Access,High,Operations,Agent 05,Resolved,14.8,Breached,5
INC13439,01-12-2025,Access,Medium,Sales,Agent 20,Resolved,19.6,Met,5
INC10586,01-12-2025,Email,Low,HR,Agent 16,Resolved,26.1,Met,3
INC10593,01-12-2025,Database,Medium,Customer Service,Agent 01,Resolved,48,Breached,5
INC14906,01-12-2025,Network,High,Customer Service,Agent 05,Resolved,17.5,Breached,5
INC14267,02-12-2025,Email,High,Operations,Agent 06,Resolved,2.4,Met,5
INC11514,02-12-2025,Email,High,Sales,Agent 04,Resolved,21.4,Breached,4
INC13103,02-12-2025,Access,Medium,IT,Agent 14,Resolved,16.5,Met,5
INC13503,02-12-2025,Security,High,Finance,Agent 04,Resolved,11.8,Met,2
INC10358,02-12-2025,Software,Low,IT,Agent 10,Resolved,33,Met,4
INC12039,02-12-2025,Network,Low,IT,Agent 11,Resolved,21.1,Met,4
INC12676,03-12-2025,Hardware,Medium,Customer Service,Agent 03,Resolved,29.9,Breached,4
INC14020,03-12-2025,Software,Low,IT,Agent 01,Resolved,40.2,Met,5
INC14317,03-12-2025,Hardware,High,Operations,Agent 08,Resolved,8.6,Met,4
INC13079,03-12-2025,Hardware,Medium,Operations,Agent 20,Resolved,20.2,Met,5
INC10644,03-12-2025,Hardware,Medium,Operations,Agent 09,Resolved,43.7,Breached,2
INC12594,03-12-2025,Database,Low,Marketing,Agent 06,Resolved,14.4,Met,4
INC11911,03-12-2025,Access,Low,Finance,Agent 09,Resolved,57.9,Breached,5
INC13814,04-12-2025,Software,Medium,HR,Agent 09,Resolved,14.6,Met,3
INC11333,04-12-2025,Access,Medium,Marketing,Agent 15,Resolved,10.1,Met,5
INC10217,04-12-2025,Hardware,Medium,Customer Service,Agent 14,Resolved,27.8,Breached,5
INC13270,04-12-2025,Network,Medium,IT,Agent 19,Resolved,28.6,Breached,5
INC13159,04-12-2025,Access,Low,HR,Agent 15,Resolved,40.7,Met,4
INC14564,05-12-2025,Hardware,Low,Marketing,Agent 04,Resolved,38,Met,1
INC10448,05-12-2025,Access,Medium,Customer Service,Agent 07,Resolved,24.3,Breached,5
INC13099,05-12-2025,Security,Medium,Finance,Agent 03,Resolved,7.6,Met,4
INC14212,05-12-2025,Access,High,IT,Agent 10,Resolved,17.3,Breached,4
INC11120,06-12-2025,Access,High,IT,Agent 13,Resolved,9.1,Met,4
INC14576,06-12-2025,Access,Medium,Marketing,Agent 06,Resolved,20.5,Met,5
INC10045,06-12-2025,Security,Medium,HR,Agent 16,Reopened,14,Met,4
INC13525,06-12-2025,Email,Low,Finance,Agent 13,Resolved,20.2,Met,5
INC13636,06-12-2025,Access,Medium,Operations,Agent 13,Resolved,29.3,Breached,5
INC14697,06-12-2025,Email,Medium,HR,Agent 05,Resolved,4.7,Met,4
INC14290,06-12-2025,Security,Medium,IT,Agent 04,Resolved,32.1,Breached,4
INC10122,06-12-2025,Hardware,Medium,IT,Agent 04,Resolved,12.7,Met,3
INC14228,07-12-2025,Access,High,Operations,Agent 08,Resolved,9.6,Met,2
INC13309,07-12-2025,Software,Medium,Sales,Agent 04,Resolved,25.6,Breached,5
INC13236,07-12-2025,Access,High,Customer Service,Agent 13,Resolved,3.5,Met,5
INC12540,07-12-2025,Email,High,Finance,Agent 10,Resolved,10.9,Met,5
INC12099,08-12-2025,Access,High,Customer Service,Agent 19,Resolved,2.8,Met,4
INC11741,08-12-2025,Access,Low,HR,Agent 08,Resolved,27.1,Met,5
INC10300,08-12-2025,Network,Medium,Operations,Agent 17,Resolved,7.4,Met,4
INC10401,08-12-2025,Database,Low,HR,Agent 15,Resolved,54.1,Breached,5
INC11689,08-12-2025,Software,Medium,Operations,Agent 10,Resolved,18.7,Met,4
INC13019,08-12-2025,Hardware,High,Sales,Agent 08,Resolved,0.6,Met,5
INC13849,08-12-2025,Network,High,Sales,Agent 04,Resolved,11.1,Met,4
INC10988,08-12-2025,Access,High,Operations,Agent 04,Reopened,7.1,Met,5
INC13601,09-12-2025,Email,Medium,Finance,Agent 04,Resolved,4.5,Met,5
INC12535,09-12-2025,Access,Low,Sales,Agent 17,Resolved,30,Met,3
INC12343,09-12-2025,Database,High,Customer Service,Agent 07,Resolved,22.3,Breached,5
INC13024,09-12-2025,Software,Critical,Operations,Agent 14,Resolved,15.4,Breached,1
INC14707,09-12-2025,Access,Medium,Customer Service,Agent 06,Resolved,30.6,Breached,4
INC12708,09-12-2025,Email,High,IT,Agent 11,Resolved,14.9,Breached,1
INC14683,09-12-2025,Network,Low,Customer Service,Agent 01,Resolved,15.3,Met,4
INC12416,09-12-2025,Database,Medium,Finance,Agent 15,Reopened,28.8,Breached,5
INC14669,09-12-2025,Network,High,Sales,Agent 05,Resolved,18.8,Breached,2
INC10079,10-12-2025,Database,High,HR,Agent 03,Resolved,10.6,Met,5
INC12501,10-12-2025,Software,Medium,Operations,Agent 15,Resolved,12.8,Met,4
INC12156,10-12-2025,Email,High,Operations,Agent 14,Resolved,14.1,Breached,4
INC11327,10-12-2025,Email,Medium,Finance,Agent 07,Resolved,9.1,Met,4
INC11131,10-12-2025,Access,High,Customer Service,Agent 15,Resolved,16.6,Breached,4
INC12392,10-12-2025,Software,Low,Customer Service,Agent 15,Resolved,8.1,Met,4
INC14344,10-12-2025,Network,High,Sales,Agent 17,Resolved,13.3,Breached,5
INC13747,11-12-2025,Network,Low,Finance,Agent 19,Resolved,56.2,Breached,4
INC11959,11-12-2025,Hardware,Medium,HR,Agent 09,Reopened,19.3,Met,5
INC14746,11-12-2025,Network,Low,Marketing,Agent 05,Resolved,26.6,Met,5
INC13177,11-12-2025,Software,Medium,Customer Service,Agent 17,Resolved,16,Met,4
INC11211,11-12-2025,Software,Medium,Operations,Agent 11,Resolved,29.3,Breached,5
INC11610,11-12-2025,Security,High,Finance,Agent 19,Resolved,3.1,Met,3
INC13950,11-12-2025,Access,Low,Customer Service,Agent 12,Resolved,41.4,Met,5
INC11535,11-12-2025,Access,High,Sales,Agent 13,Reopened,8.4,Met,4
INC11797,11-12-2025,Access,High,Finance,Agent 19,Resolved,5.5,Met,5
INC13781,11-12-2025,Email,High,Marketing,Agent 09,Resolved,10.3,Met,5
INC10179,12-12-2025,Hardware,Low,Marketing,Agent 13,Resolved,11.4,Met,5
INC10044,12-12-2025,Network,High,IT,Agent 07,Resolved,30.2,Breached,5
INC10843,12-12-2025,Access,High,Sales,Agent 10,Resolved,1.3,Met,5
INC10316,12-12-2025,Network,Medium,Customer Service,Agent 19,Resolved,20.7,Met,4
INC10191,12-12-2025,Hardware,Low,Customer Service,Agent 13,Resolved,9,Met,5
INC12365,13-12-2025,Network,Medium,Sales,Agent 15,Resolved,14.6,Met,4
INC10862,13-12-2025,Access,High,Customer Service,Agent 18,Resolved,5.8,Met,5
INC14699,13-12-2025,Database,Critical,Finance,Agent 03,Reopened,6.7,Breached,5
INC14698,13-12-2025,Software,Medium,IT,Agent 07,Resolved,74.5,Breached,1
INC14930,13-12-2025,Software,Low,Operations,Agent 07,Resolved,96.7,Breached,5
INC14565,14-12-2025,Network,Low,Finance,Agent 04,Resolved,46.8,Met,1
INC14234,14-12-2025,Access,Critical,HR,Agent 18,Resolved,1.5,Met,4
INC10477,14-12-2025,Network,High,Customer Service,Agent 20,Resolved,5.2,Met,4
INC10564,14-12-2025,Access,Medium,Finance,Agent 19,Resolved,5.1,Met,2
INC10125,14-12-2025,Hardware,Medium,Finance,Agent 05,Resolved,3.9,Met,5
INC10514,14-12-2025,Database,Medium,HR,Agent 14,Reopened,43,Breached,3
INC13460,14-12-2025,Security,Medium,Customer Service,Agent 16,Resolved,6.1,Met,1
INC12358,14-12-2025,Network,Medium,HR,Agent 05,Resolved,14.3,Met,4
INC11712,14-12-2025,Hardware,High,Operations,Agent 19,Resolved,2.8,Met,3
INC14432,14-12-2025,Access,Medium,Sales,Agent 08,Resolved,28.8,Breached,5
INC11197,15-12-2025,Security,High,Finance,Agent 13,Resolved,23.7,Breached,5
INC11314,15-12-2025,Hardware,Medium,IT,Agent 03,Resolved,25.1,Breached,5
INC10177,15-12-2025,Access,Medium,Marketing,Agent 02,Resolved,10,Met,5
INC13778,15-12-2025,Database,Medium,Operations,Agent 05,Resolved,36,Breached,4
INC11093,15-12-2025,Access,High,HR,Agent 02,Resolved,4.2,Met,3
INC14923,15-12-2025,Security,High,Sales,Agent 18,Resolved,18.8,Breached,3
INC12604,15-12-2025,Network,Critical,Customer Service,Agent 04,Resolved,2.4,Met,1
INC10915,15-12-2025,Network,Medium,Finance,Agent 06,Resolved,15.9,Met,5
INC10759,15-12-2025,Hardware,High,Operations,Agent 18,Resolved,13.8,Breached,5
INC14064,16-12-2025,Access,High,Marketing,Agent 10,Resolved,2.9,Met,5
INC10706,16-12-2025,Hardware,Low,Marketing,Agent 01,Resolved,16.8,Met,4
INC10309,16-12-2025,Network,Low,HR,Agent 14,Resolved,28,Met,3
INC10704,16-12-2025,Software,Medium,Marketing,Agent 14,Resolved,13.8,Met,5
INC12057,16-12-2025,Hardware,High,IT,Agent 02,Resolved,10.8,Met,4
INC11904,16-12-2025,Email,High,Finance,Agent 14,Resolved,6.9,Met,5
INC12439,16-12-2025,Software,Low,Marketing,Agent 19,Resolved,14.9,Met,4
INC13662,16-12-2025,Access,Medium,IT,Agent 18,Reopened,6,Met,5
INC11611,16-12-2025,Access,Medium,Marketing,Agent 18,Resolved,9.2,Met,4
INC10641,16-12-2025,Network,Low,IT,Agent 01,Resolved,10.1,Met,5
INC13919,17-12-2025,Software,Low,Finance,Agent 10,Resolved,52.9,Breached,3
INC11614,17-12-2025,Access,High,Customer Service,Agent 03,Resolved,4.2,Met,4
INC11905,18-12-2025,Software,Critical,Customer Service,Agent 14,Resolved,3.7,Met,5
INC11401,18-12-2025,Security,Medium,Operations,Agent 17,Resolved,25.4,Breached,5
INC11519,18-12-2025,Email,Medium,HR,Agent 01,Resolved,7.9,Met,5
INC12919,18-12-2025,Software,High,HR,Agent 11,Resolved,12.8,Breached,4
INC14684,18-12-2025,Database,Medium,Customer Service,Agent 04,Resolved,30.2,Breached,5
INC13200,18-12-2025,Email,Medium,HR,Agent 11,Resolved,4.3,Met,4
INC11676,19-12-2025,Access,Low,IT,Agent 11,Resolved,25.3,Met,2
INC11209,19-12-2025,Software,Medium,Operations,Agent 19,Resolved,25.2,Breached,5
INC11674,19-12-2025,Network,Low,Operations,Agent 07,Resolved,5.2,Met,4
INC11408,19-12-2025,Access,Critical,Sales,Agent 03,Resolved,4.4,Breached,5
INC10294,20-12-2025,Software,Medium,Marketing,Agent 11,Resolved,18.7,Met,4
INC12536,20-12-2025,Security,Medium,IT,Agent 05,Resolved,13,Met,4
INC11693,20-12-2025,Network,Medium,Finance,Agent 08,Reopened,10.9,Met,4
INC13385,20-12-2025,Access,Medium,Finance,Agent 12,Resolved,25.1,Breached,4
INC12700,20-12-2025,Database,Low,HR,Agent 14,Resolved,43.4,Met,4
INC12968,20-12-2025,Access,High,HR,Agent 05,Resolved,6.8,Met,2
INC12138,20-12-2025,Email,Medium,IT,Agent 08,Resolved,61.1,Breached,5
INC14721,21-12-2025,Access,Medium,Marketing,Agent 09,Resolved,19.4,Met,5
INC13709,21-12-2025,Database,High,Sales,Agent 09,Resolved,13,Breached,3
INC14119,21-12-2025,Network,High,Finance,Agent 07,Resolved,2.2,Met,4
INC13476,21-12-2025,Software,Medium,HR,Agent 20,Resolved,4.1,Met,1
INC13572,21-12-2025,Hardware,Medium,Customer Service,Agent 02,Resolved,24.8,Breached,4
INC14481,21-12-2025,Network,High,IT,Agent 12,Resolved,11.6,Met,5
INC12767,22-12-2025,Software,Low,IT,Agent 05,Resolved,54.3,Breached,5
INC13568,22-12-2025,Access,Medium,Finance,Agent 10,Resolved,83.9,Breached,3
INC11225,22-12-2025,Software,Medium,Sales,Agent 18,Resolved,18.4,Met,4
INC11213,22-12-2025,Database,High,Customer Service,Agent 05,Resolved,6.3,Met,4
INC10982,22-12-2025,Network,Critical,IT,Agent 16,Resolved,4.6,Breached,5
INC11397,22-12-2025,Email,Medium,Sales,Agent 02,Reopened,6.9,Met,4
INC10348,23-12-2025,Hardware,Medium,Customer Service,Agent 15,Resolved,23.3,Met,4
INC12901,23-12-2025,Access,Medium,IT,Agent 04,Resolved,29.2,Breached,5
INC11170,23-12-2025,Network,High,Finance,Agent 04,Resolved,12.4,Breached,2
INC14510,23-12-2025,Software,Critical,Customer Service,Agent 19,Resolved,1.9,Met,4
INC13012,23-12-2025,Security,Medium,Finance,Agent 13,Resolved,16.1,Met,5
INC12646,24-12-2025,Hardware,High,Operations,Agent 20,Resolved,3.7,Met,4
INC11520,24-12-2025,Hardware,Critical,Sales,Agent 13,Resolved,8.2,Breached,3
INC13670,24-12-2025,Network,Medium,IT,Agent 11,Resolved,16.8,Met,5
INC12652,24-12-2025,Software,High,HR,Agent 04,Resolved,6.4,Met,5
INC14439,24-12-2025,Hardware,Medium,Finance,Agent 12,Resolved,46.9,Breached,4
INC12638,24-12-2025,Network,Critical,Finance,Agent 19,Reopened,10.6,Breached,3
INC10134,25-12-2025,Network,Medium,Operations,Agent 07,Resolved,6.6,Met,5
INC10969,25-12-2025,Network,Low,IT,Agent 10,Resolved,40.4,Met,3
INC11815,25-12-2025,Database,Low,Operations,Agent 07,Resolved,9.2,Met,4
INC11119,25-12-2025,Network,Low,HR,Agent 08,Resolved,11.1,Met,5
INC14402,25-12-2025,Database,Medium,HR,Agent 19,Resolved,14.4,Met,5
INC11235,26-12-2025,Access,Low,IT,Agent 05,Resolved,5.8,Met,4
INC10615,26-12-2025,Software,Medium,Sales,Agent 16,Resolved,41.4,Breached,4
INC11913,26-12-2025,Network,Low,IT,Agent 04,Resolved,26.1,Met,5
INC11953,26-12-2025,Software,Medium,IT,Agent 16,Reopened,17.2,Met,3
INC13676,26-12-2025,Network,Medium,HR,Agent 01,Resolved,21.2,Met,5
INC12473,26-12-2025,Software,High,Customer Service,Agent 15,Resolved,13,Breached,5
INC13904,26-12-2025,Database,High,Marketing,Agent 20,Resolved,12.2,Breached,5
INC13964,26-12-2025,Database,High,Finance,Agent 14,Resolved,7.8,Met,5
INC10877,27-12-2025,Software,Low,IT,Agent 13,Resolved,57.5,Breached,4
INC13160,27-12-2025,Network,Medium,Customer Service,Agent 04,Resolved,3,Met,4
INC11464,27-12-2025,Software,Medium,HR,Agent 12,Resolved,10.7,Met,5
INC12868,27-12-2025,Hardware,Medium,Finance,Agent 14,Resolved,26.4,Breached,5
INC14912,27-12-2025,Access,High,Finance,Agent 03,Resolved,5.6,Met,2
INC12845,28-12-2025,Email,Medium,HR,Agent 15,Resolved,16.9,Met,4
INC13331,28-12-2025,Software,High,Customer Service,Agent 10,Resolved,11.7,Met,4
INC12916,28-12-2025,Database,Medium,IT,Agent 17,Reopened,31.3,Breached,4
INC11628,28-12-2025,Software,Medium,Finance,Agent 19,Resolved,2.4,Met,4
INC12374,28-12-2025,Email,Low,Customer Service,Agent 20,Resolved,20.7,Met,5
INC11987,28-12-2025,Hardware,Low,IT,Agent 11,Resolved,68.7,Breached,5
INC14265,29-12-2025,Security,Medium,Customer Service,Agent 14,Resolved,5.9,Met,3
INC12389,29-12-2025,Network,Medium,Marketing,Agent 04,Resolved,21.6,Met,5
INC10997,29-12-2025,Hardware,High,Customer Service,Agent 17,Resolved,5,Met,4
INC12506,29-12-2025,Network,Critical,Finance,Agent 08,Resolved,7.3,Breached,3
INC10824,29-12-2025,Access,Medium,Finance,Agent 10,Reopened,12.2,Met,1
INC13286,29-12-2025,Email,High,Sales,Agent 12,Resolved,10.8,Met,5
INC13374,29-12-2025,Email,High,Marketing,Agent 19,Resolved,9.5,Met,4
INC14029,29-12-2025,Network,Medium,Marketing,Agent 10,Resolved,6.8,Met,5
INC10662,29-12-2025,Email,Medium,Customer Service,Agent 12,Resolved,14.7,Met,4
INC13667,30-12-2025,Access,High,IT,Agent 17,Resolved,22,Breached,4
INC12094,30-12-2025,Access,Low,Sales,Agent 07,Reopened,47.4,Met,5
INC10958,30-12-2025,Email,Medium,Finance,Agent 05,Reopened,10.3,Met,3
INC11414,30-12-2025,Network,Medium,Customer Service,Agent 19,Resolved,16.9,Met,4
INC14360,30-12-2025,Software,High,Operations,Agent 12,Resolved,4.6,Met,4
INC13423,30-12-2025,Software,Low,IT,Agent 13,Resolved,30.3,Met,4
INC14138,30-12-2025,Database,High,Operations,Agent 11,Resolved,8.1,Met,4
INC13820,30-12-2025,Software,Medium,Customer Service,Agent 07,Resolved,14.4,Met,3
INC11587,30-12-2025,Hardware,Medium,Customer Service,Agent 14,Resolved,26.6,Breached,4
INC14531,30-12-2025,Database,Critical,Finance,Agent 09,Resolved,11.8,Breached,2
INC12238,30-12-2025,Access,Medium,IT,Agent 06,Resolved,20.6,Met,4
INC11716,30-12-2025,Email,Medium,Operations,Agent 11,Resolved,31.5,Breached,4
INC10234,31-12-2025,Hardware,Low,Finance,Agent 14,Resolved,11.3,Met,2
INC12588,31-12-2025,Access,Critical,Finance,Agent 08,Resolved,1.1,Met,4
INC13554,31-12-2025,Database,High,Operations,Agent 18,Resolved,12.9,Breached,5
INC11238,31-12-2025,Software,Medium,Sales,Agent 15,Resolved,6.1,Met,5
INC14782,01-01-2026,Software,High,Sales,Agent 14,Resolved,10.6,Met,4
INC11893,01-01-2026,Hardware,Low,Operations,Agent 07,Reopened,38.8,Met,1
INC13656,01-01-2026,Security,Medium,Operations,Agent 02,Resolved,10.6,Met,3
INC11334,01-01-2026,Database,High,Finance,Agent 14,Resolved,11.7,Met,2
INC13537,01-01-2026,Database,Medium,Operations,Agent 13,Resolved,64.8,Breached,4
INC13193,02-01-2026,Access,High,Operations,Agent 16,Resolved,3.8,Met,5
INC10413,02-01-2026,Software,Medium,Operations,Agent 07,Resolved,24.6,Breached,4
INC14816,02-01-2026,Access,High,Marketing,Agent 20,Resolved,10.3,Met,4
INC10047,02-01-2026,Network,High,IT,Agent 18,Resolved,41,Breached,5
INC12993,02-01-2026,Security,Low,Operations,Agent 04,Resolved,23.3,Met,5
INC14637,02-01-2026,Hardware,Medium,Finance,Agent 05,Resolved,37,Breached,4
INC13826,02-01-2026,Network,Medium,Sales,Agent 04,Resolved,18.3,Met,5
INC14424,02-01-2026,Access,Medium,Operations,Agent 18,Resolved,6.1,Met,4
INC13239,02-01-2026,Access,Medium,HR,Agent 09,Resolved,10.4,Met,5
INC11981,02-01-2026,Email,Medium,Marketing,Agent 05,Resolved,51.6,Breached,5
INC14189,02-01-2026,Access,High,Sales,Agent 12,Resolved,9.4,Met,3
INC11478,02-01-2026,Hardware,Medium,Finance,Agent 10,Resolved,10.9,Met,4
INC12985,03-01-2026,Software,Medium,Operations,Agent 17,Resolved,20.7,Met,3
INC14897,03-01-2026,Security,Critical,Sales,Agent 19,Resolved,14,Breached,5
INC14604,03-01-2026,Network,Low,Customer Service,Agent 05,Resolved,22.8,Met,4
INC14110,03-01-2026,Access,High,Sales,Agent 01,Reopened,9,Met,5
INC13926,03-01-2026,Hardware,Medium,Finance,Agent 09,Resolved,20.1,Met,5
INC13471,03-01-2026,Software,Medium,Finance,Agent 03,Resolved,27.1,Breached,5
INC12521,04-01-2026,Network,High,Operations,Agent 13,Resolved,32.1,Breached,5
INC14598,04-01-2026,Network,Medium,Customer Service,Agent 11,Resolved,35.3,Breached,2
INC10482,04-01-2026,Hardware,Medium,Customer Service,Agent 02,Resolved,18.1,Met,4
INC10395,04-01-2026,Software,Medium,Customer Service,Agent 19,Resolved,22.1,Met,5
INC14393,04-01-2026,Email,High,Customer Service,Agent 09,Resolved,7.2,Met,3
INC10691,04-01-2026,Access,Medium,Customer Service,Agent 08,Resolved,9.7,Met,5
INC13251,04-01-2026,Access,High,Sales,Agent 10,Resolved,14.2,Breached,4
INC13091,04-01-2026,Access,Low,HR,Agent 08,Resolved,50.8,Breached,5
INC13283,04-01-2026,Security,Medium,HR,Agent 08,Resolved,13.6,Met,5
INC14639,05-01-2026,Hardware,High,Finance,Agent 01,Reopened,11.2,Met,5
INC11922,05-01-2026,Email,High,Sales,Agent 18,Resolved,10,Met,5
INC10312,05-01-2026,Network,High,HR,Agent 15,Resolved,12.9,Breached,5
INC13232,05-01-2026,Security,Low,Finance,Agent 02,Resolved,15.5,Met,5
INC12615,05-01-2026,Software,Low,Sales,Agent 01,Resolved,8.6,Met,1
INC13890,05-01-2026,Access,Low,Operations,Agent 19,Resolved,13,Met,5
INC11370,05-01-2026,Access,Medium,HR,Agent 10,Resolved,19.7,Met,2
INC13507,06-01-2026,Access,High,IT,Agent 11,Resolved,5,Met,4
INC13869,06-01-2026,Hardware,Low,Sales,Agent 14,Resolved,22.6,Met,1
INC10847,06-01-2026,Access,Low,HR,Agent 19,Resolved,34.6,Met,3
INC10898,06-01-2026,Access,High,IT,Agent 17,Resolved,16.7,Breached,5
INC12129,06-01-2026,Hardware,Medium,Operations,Agent 15,Resolved,14.7,Met,5
INC11425,06-01-2026,Software,High,Finance,Agent 13,Resolved,9.8,Met,4
INC14325,07-01-2026,Email,High,Customer Service,Agent 17,Resolved,4.4,Met,5
INC12231,07-01-2026,Email,Medium,Finance,Agent 12,Resolved,14.9,Met,4
INC14892,07-01-2026,Database,High,Finance,Agent 18,Resolved,15.5,Breached,5
INC11075,07-01-2026,Software,Medium,IT,Agent 03,Resolved,6.6,Met,2
INC10504,08-01-2026,Email,Low,HR,Agent 11,Resolved,33.9,Met,4
INC11600,08-01-2026,Software,Critical,Operations,Agent 10,Resolved,0.7,Met,4
INC10253,08-01-2026,Network,Medium,Operations,Agent 17,Resolved,57.1,Breached,4
INC14257,09-01-2026,Access,Medium,HR,Agent 07,Resolved,19.4,Met,2
INC11663,09-01-2026,Software,Medium,Sales,Agent 20,Resolved,33.7,Breached,4
INC10533,09-01-2026,Network,Medium,Marketing,Agent 12,Resolved,34.9,Breached,5
INC11925,09-01-2026,Hardware,Low,Sales,Agent 11,Resolved,9.3,Met,2
INC10140,09-01-2026,Email,Medium,Finance,Agent 01,Resolved,10.2,Met,5
INC14650,09-01-2026,Network,Medium,Marketing,Agent 18,Resolved,23.1,Met,5
INC13120,10-01-2026,Hardware,High,Marketing,Agent 04,Resolved,40.4,Breached,3
INC13897,10-01-2026,Security,Medium,Operations,Agent 10,Resolved,16,Met,1
INC11439,10-01-2026,Database,High,Marketing,Agent 05,Resolved,5.8,Met,5
INC12461,10-01-2026,Database,High,Finance,Agent 04,Resolved,6.6,Met,3
INC12649,10-01-2026,Network,High,Finance,Agent 11,Resolved,17.3,Breached,4
INC11515,10-01-2026,Database,Low,Marketing,Agent 14,Resolved,54,Breached,4
INC12304,10-01-2026,Access,High,HR,Agent 03,Resolved,3.4,Met,5
INC13616,10-01-2026,Software,Low,Operations,Agent 09,Resolved,42.9,Met,4
INC10230,10-01-2026,Security,Critical,IT,Agent 15,Resolved,8.1,Breached,5
INC10753,11-01-2026,Network,Medium,Operations,Agent 06,Resolved,15.1,Met,3
INC11125,11-01-2026,Hardware,Medium,Customer Service,Agent 04,Resolved,8.4,Met,5
INC14076,11-01-2026,Software,High,IT,Agent 14,Resolved,7.9,Met,5
INC12313,11-01-2026,Database,High,Marketing,Agent 01,Resolved,7.5,Met,4
INC14399,11-01-2026,Software,Medium,IT,Agent 17,Resolved,5.1,Met,5
INC14156,11-01-2026,Network,Medium,Customer Service,Agent 08,Resolved,23.2,Met,4
INC14790,11-01-2026,Network,Medium,Customer Service,Agent 16,Resolved,17.5,Met,5
INC12500,11-01-2026,Email,Low,IT,Agent 06,Reopened,32.7,Met,4
INC11627,11-01-2026,Database,Medium,HR,Agent 19,Resolved,19,Met,4
INC10131,12-01-2026,Security,High,Marketing,Agent 18,Resolved,17.1,Breached,5
INC12433,12-01-2026,Email,Critical,Sales,Agent 19,Resolved,4,Met,4
INC12014,12-01-2026,Access,Critical,Operations,Agent 03,Reopened,3.2,Met,4
INC11117,12-01-2026,Network,Low,HR,Agent 10,Resolved,9.8,Met,4
INC13245,12-01-2026,Hardware,High,IT,Agent 17,Resolved,15.6,Breached,4
INC10698,12-01-2026,Security,Medium,Operations,Agent 06,Resolved,4.3,Met,3
INC14476,12-01-2026,Network,Medium,Sales,Agent 19,Resolved,6.8,Met,5
INC10835,13-01-2026,Database,Critical,HR,Agent 03,Reopened,3.3,Met,3
INC13519,13-01-2026,Access,Low,Finance,Agent 10,Resolved,24.3,Met,5
INC11919,13-01-2026,Network,Medium,Finance,Agent 08,Resolved,13.9,Met,4
INC11316,13-01-2026,Access,Critical,IT,Agent 19,Resolved,7.3,Breached,1
INC12425,13-01-2026,Hardware,Low,Finance,Agent 20,Resolved,19.5,Met,4
INC13929,13-01-2026,Access,Medium,Operations,Agent 05,Resolved,3.6,Met,2
INC14532,13-01-2026,Hardware,High,Sales,Agent 13,Resolved,12.3,Breached,5
INC11636,13-01-2026,Access,High,Operations,Agent 09,Resolved,4.2,Met,5
INC10987,13-01-2026,Hardware,Low,IT,Agent 02,Resolved,57,Breached,5
INC14872,14-01-2026,Access,Medium,Sales,Agent 02,Resolved,24,Met,4
INC10088,14-01-2026,Hardware,Medium,Marketing,Agent 20,Reopened,18.8,Met,1
INC13241,14-01-2026,Software,Medium,Customer Service,Agent 13,Resolved,14.7,Met,5
INC12534,14-01-2026,Access,High,Marketing,Agent 08,Resolved,15.4,Breached,5
INC13034,14-01-2026,Database,Medium,IT,Agent 18,Resolved,12.7,Met,5
INC12373,15-01-2026,Hardware,High,IT,Agent 05,Resolved,7.7,Met,5
INC10363,15-01-2026,Network,Medium,IT,Agent 13,Resolved,8,Met,4
INC11816,15-01-2026,Email,High,Operations,Agent 17,Resolved,5.3,Met,3
INC10909,15-01-2026,Access,Medium,Customer Service,Agent 19,Resolved,17.8,Met,4
INC13658,15-01-2026,Network,Medium,Customer Service,Agent 11,Resolved,4.2,Met,4
INC10072,15-01-2026,Hardware,Medium,Customer Service,Agent 20,Resolved,7.5,Met,4
INC11135,15-01-2026,Software,Medium,HR,Agent 14,Resolved,9.8,Met,5
INC14457,16-01-2026,Hardware,Medium,Sales,Agent 02,Resolved,18.6,Met,5
INC11772,16-01-2026,Network,High,Finance,Agent 01,Resolved,5.2,Met,4
INC14165,16-01-2026,Access,Medium,Finance,Agent 11,Resolved,18.1,Met,3
INC11686,16-01-2026,Database,Medium,IT,Agent 15,Resolved,29.2,Breached,5
INC12020,16-01-2026,Network,High,Customer Service,Agent 05,Resolved,5.9,Met,5
INC14026,16-01-2026,Network,Low,Finance,Agent 09,Resolved,22,Met,3
INC14253,16-01-2026,Access,Medium,Operations,Agent 11,Resolved,6.4,Met,2
INC11266,16-01-2026,Network,Low,Finance,Agent 14,Reopened,38.7,Met,4
INC14408,16-01-2026,Software,High,Finance,Agent 05,Resolved,4,Met,5
INC11916,17-01-2026,Access,High,Operations,Agent 14,Resolved,17.6,Breached,3
INC11290,17-01-2026,Hardware,Medium,Marketing,Agent 01,Reopened,25.3,Breached,5
INC12226,17-01-2026,Security,Low,Sales,Agent 04,Resolved,36.8,Met,4
INC11798,17-01-2026,Network,Medium,HR,Agent 19,Resolved,29.4,Breached,4
INC11415,17-01-2026,Security,Medium,HR,Agent 20,Resolved,9.5,Met,4
INC14539,18-01-2026,Network,Medium,HR,Agent 12,Resolved,35.5,Breached,2
INC12164,18-01-2026,Security,High,IT,Agent 14,Resolved,25,Breached,5
INC14503,18-01-2026,Software,Medium,IT,Agent 01,Resolved,26.6,Breached,4
INC13581,18-01-2026,Network,Medium,IT,Agent 04,Resolved,27.7,Breached,1
INC13693,18-01-2026,Email,Medium,Finance,Agent 19,Resolved,39.8,Breached,4
INC14852,18-01-2026,Hardware,Medium,IT,Agent 11,Resolved,39.8,Breached,4
INC11377,18-01-2026,Access,High,Finance,Agent 19,Resolved,11.1,Met,5
INC14207,19-01-2026,Hardware,Medium,Finance,Agent 19,Resolved,13.9,Met,5
INC13433,19-01-2026,Network,Medium,Sales,Agent 08,Resolved,22.8,Met,5
INC10411,19-01-2026,Email,Critical,Sales,Agent 07,Resolved,4.3,Breached,4
INC12130,19-01-2026,Access,Medium,Operations,Agent 07,Resolved,10.9,Met,3
INC14819,19-01-2026,Network,High,Marketing,Agent 17,Resolved,15.6,Breached,4
INC12635,19-01-2026,Email,Medium,Marketing,Agent 13,Resolved,9.7,Met,2
INC11512,19-01-2026,Access,Medium,HR,Agent 17,Resolved,39.8,Breached,2
INC13823,19-01-2026,Network,Medium,Operations,Agent 16,Resolved,65,Breached,4
INC10156,20-01-2026,Access,High,Customer Service,Agent 11,Resolved,14.8,Breached,1
INC12547,20-01-2026,Access,High,IT,Agent 03,Reopened,12.8,Breached,3
INC10130,20-01-2026,Access,High,Sales,Agent 10,Resolved,12.7,Breached,4
INC13307,20-01-2026,Software,High,Operations,Agent 08,Reopened,14.9,Breached,2
INC13976,20-01-2026,Hardware,Medium,Finance,Agent 04,Resolved,9.4,Met,2
INC11625,20-01-2026,Email,High,IT,Agent 06,Resolved,6,Met,4
INC10656,21-01-2026,Network,Medium,Operations,Agent 05,Resolved,18.7,Met,3
INC14237,21-01-2026,Email,Medium,Finance,Agent 04,Resolved,11.5,Met,3
INC11326,21-01-2026,Software,Medium,Marketing,Agent 11,Resolved,19.4,Met,3
INC14932,21-01-2026,Access,Medium,Finance,Agent 17,Resolved,37.5,Breached,4
INC14283,21-01-2026,Hardware,Low,HR,Agent 16,Resolved,59.5,Breached,5
INC10020,21-01-2026,Hardware,High,Marketing,Agent 09,Resolved,19.6,Breached,5
INC12199,21-01-2026,Software,Medium,Marketing,Agent 02,Resolved,15.4,Met,2
INC10148,21-01-2026,Access,Medium,IT,Agent 04,Resolved,16,Met,5
INC13499,21-01-2026,Software,High,Customer Service,Agent 10,Resolved,2.8,Met,4
INC11832,21-01-2026,Access,High,Customer Service,Agent 07,Resolved,2.6,Met,5
INC13410,22-01-2026,Access,Medium,Operations,Agent 08,Resolved,30.8,Breached,1
INC11296,22-01-2026,Software,Medium,Operations,Agent 04,Resolved,11,Met,4
INC11313,22-01-2026,Network,Low,Customer Service,Agent 17,Resolved,47.5,Met,5
INC12783,22-01-2026,Hardware,Medium,Sales,Agent 20,Resolved,29.4,Breached,3
INC14911,22-01-2026,Hardware,Low,IT,Agent 18,Resolved,11.6,Met,4
INC12438,22-01-2026,Hardware,Medium,HR,Agent 03,Resolved,32,Breached,5
INC10149,22-01-2026,Software,Medium,Operations,Agent 20,Resolved,20.9,Met,5
INC13175,22-01-2026,Hardware,High,Operations,Agent 20,Resolved,14.3,Breached,5
INC13276,22-01-2026,Email,Medium,Sales,Agent 20,Resolved,13.9,Met,5
INC10476,22-01-2026,Database,High,Finance,Agent 02,Resolved,7,Met,5
INC13787,23-01-2026,Email,High,Customer Service,Agent 10,Resolved,11.3,Met,5
INC14010,23-01-2026,Security,Medium,Operations,Agent 02,Resolved,14.7,Met,4
INC13522,23-01-2026,Network,Medium,Marketing,Agent 06,Resolved,2.6,Met,3
INC10054,23-01-2026,Network,High,HR,Agent 12,Resolved,12.9,Breached,4
INC14766,23-01-2026,Hardware,Medium,Finance,Agent 14,Resolved,23.5,Met,4
INC10040,23-01-2026,Software,High,HR,Agent 01,Resolved,25.6,Breached,5
INC12498,23-01-2026,Database,Low,HR,Agent 16,Resolved,40.5,Met,5
INC14081,23-01-2026,Software,Low,Marketing,Agent 06,Resolved,34.7,Met,5
INC13329,24-01-2026,Software,Medium,Sales,Agent 07,Resolved,7.9,Met,4
INC14889,24-01-2026,Software,Medium,Marketing,Agent 17,Resolved,34.6,Breached,4
INC10056,25-01-2026,Hardware,Medium,IT,Agent 10,Resolved,41.9,Breached,5
INC13281,25-01-2026,Hardware,Medium,Customer Service,Agent 06,Resolved,3.1,Met,5
INC12876,25-01-2026,Security,High,HR,Agent 08,Reopened,11.5,Met,3
INC11788,25-01-2026,Software,High,HR,Agent 20,Resolved,13,Breached,5
INC11382,25-01-2026,Database,High,IT,Agent 09,Resolved,32.8,Breached,3
INC14506,25-01-2026,Email,High,Finance,Agent 13,Resolved,9.3,Met,4
INC12710,25-01-2026,Software,Medium,Customer Service,Agent 18,Resolved,15.5,Met,5
INC13848,25-01-2026,Hardware,High,Finance,Agent 18,Resolved,10.7,Met,5
INC10525,25-01-2026,Software,Low,Operations,Agent 12,Resolved,31.1,Met,4
INC14455,26-01-2026,Access,Medium,Marketing,Agent 18,Resolved,7.9,Met,3
INC13150,26-01-2026,Email,High,Operations,Agent 07,Resolved,10,Met,5
INC13013,26-01-2026,Software,Low,Sales,Agent 13,Resolved,67.5,Breached,5
INC12160,26-01-2026,Email,Medium,Customer Service,Agent 10,Resolved,14.7,Met,4
INC11898,26-01-2026,Network,Medium,Sales,Agent 02,Resolved,10.1,Met,5
INC11068,26-01-2026,Network,High,Marketing,Agent 20,Resolved,9.1,Met,4
INC12802,26-01-2026,Access,Medium,Finance,Agent 14,Resolved,5,Met,5
INC10784,26-01-2026,Email,High,HR,Agent 09,Resolved,1.7,Met,5
INC11778,27-01-2026,Network,Medium,Finance,Agent 20,Resolved,26.1,Breached,5
INC10085,27-01-2026,Security,Medium,IT,Agent 15,Resolved,24.8,Breached,5
INC13529,27-01-2026,Security,Medium,HR,Agent 05,Resolved,14.2,Met,5
INC13161,27-01-2026,Hardware,Medium,Operations,Agent 05,Resolved,22.6,Met,5
INC11342,27-01-2026,Hardware,Critical,Customer Service,Agent 20,Resolved,10.5,Breached,5
INC10105,28-01-2026,Access,Medium,Sales,Agent 04,Resolved,21.3,Met,5
INC13731,28-01-2026,Email,Medium,Finance,Agent 05,Resolved,21.7,Met,5
INC12005,28-01-2026,Hardware,Medium,Finance,Agent 13,Resolved,22.4,Met,5
INC12834,28-01-2026,Database,Medium,Finance,Agent 20,Resolved,3.5,Met,5
INC14091,28-01-2026,Hardware,Medium,Finance,Agent 04,Resolved,9,Met,4
INC12279,28-01-2026,Security,High,Marketing,Agent 11,Resolved,6.7,Met,3
INC10442,28-01-2026,Security,High,Sales,Agent 09,Resolved,5.6,Met,4
INC12849,29-01-2026,Email,Medium,Finance,Agent 19,Resolved,26.4,Breached,4
INC10388,29-01-2026,Access,Low,Sales,Agent 18,Resolved,36,Met,1
INC11221,29-01-2026,Software,Medium,Sales,Agent 03,Resolved,13.1,Met,4
INC10681,29-01-2026,Software,Low,Marketing,Agent 18,Resolved,20.6,Met,4
INC12569,30-01-2026,Network,Medium,Customer Service,Agent 11,Resolved,20.7,Met,4
INC12491,30-01-2026,Hardware,Medium,Marketing,Agent 10,Resolved,41.7,Breached,1
INC11328,30-01-2026,Network,High,HR,Agent 13,Resolved,4.5,Met,4
INC13501,30-01-2026,Hardware,Medium,Customer Service,Agent 14,Resolved,31.7,Breached,5
INC12236,30-01-2026,Hardware,Low,Finance,Agent 17,Resolved,15,Met,5
INC11848,30-01-2026,Security,High,Operations,Agent 15,Resolved,7.5,Met,4
INC11461,30-01-2026,Software,Medium,IT,Agent 16,Resolved,15.6,Met,5
INC14316,31-01-2026,Access,High,IT,Agent 02,Reopened,18.6,Breached,4
INC10405,31-01-2026,Hardware,Critical,Operations,Agent 17,Reopened,3,Met,5
INC13506,31-01-2026,Access,Medium,HR,Agent 19,Resolved,17.3,Met,5
INC10417,31-01-2026,Network,Medium,Operations,Agent 13,Resolved,7.2,Met,5
INC10825,31-01-2026,Email,Medium,Marketing,Agent 20,Resolved,14.2,Met,5
INC11857,01-02-2026,Access,High,Sales,Agent 18,Resolved,17.7,Breached,4
INC11094,01-02-2026,Access,Medium,IT,Agent 08,Resolved,27.3,Breached,5
INC11951,01-02-2026,Hardware,Critical,Marketing,Agent 11,Resolved,1.1,Met,2
INC10402,01-02-2026,Database,Low,IT,Agent 20,Resolved,20.8,Met,2
INC10371,01-02-2026,Network,High,Finance,Agent 20,Resolved,2.6,Met,4
INC12396,01-02-2026,Hardware,High,IT,Agent 14,Resolved,3.1,Met,5
INC11555,01-02-2026,Software,Low,Finance,Agent 20,Resolved,7.1,Met,4
INC11279,01-02-2026,Software,Critical,Sales,Agent 11,Resolved,1.1,Met,5
INC10104,02-02-2026,Access,Low,HR,Agent 12,Resolved,33.8,Met,5
INC14036,02-02-2026,Network,High,HR,Agent 17,Resolved,16.4,Breached,5
INC12781,02-02-2026,Security,Medium,HR,Agent 09,Resolved,14.6,Met,4
INC10220,02-02-2026,Network,High,Customer Service,Agent 04,Reopened,9.3,Met,5
INC13725,03-02-2026,Network,High,HR,Agent 07,Resolved,4.8,Met,4
INC12114,03-02-2026,Software,Critical,HR,Agent 04,Resolved,0.6,Met,4
INC11896,03-02-2026,Hardware,Critical,IT,Agent 08,Resolved,2.9,Met,4
INC11130,03-02-2026,Network,High,Customer Service,Agent 19,Resolved,4,Met,5
INC12584,03-02-2026,Hardware,Low,Sales,Agent 12,Resolved,35.7,Met,3
INC12072,03-02-2026,Software,Medium,Operations,Agent 09,Resolved,11.9,Met,5
INC11758,03-02-2026,Software,Medium,Marketing,Agent 05,Reopened,10.5,Met,5
INC10290,04-02-2026,Access,Low,Operations,Agent 02,Resolved,53.6,Breached,5
INC11707,04-02-2026,Software,High,Marketing,Agent 08,Resolved,3.2,Met,4
INC12104,04-02-2026,Software,Medium,Marketing,Agent 15,Resolved,29.3,Breached,4
INC13556,04-02-2026,Software,Medium,Customer Service,Agent 17,Resolved,11,Met,5
INC12077,04-02-2026,Network,Medium,Marketing,Agent 12,Resolved,7.9,Met,2
INC14312,04-02-2026,Hardware,Low,Sales,Agent 06,Resolved,41.3,Met,5
INC11345,05-02-2026,Software,High,Sales,Agent 14,Resolved,14.7,Breached,1
INC13353,05-02-2026,Network,High,IT,Agent 20,Resolved,20,Breached,3
INC11065,05-02-2026,Software,Medium,Operations,Agent 15,Resolved,10.7,Met,4
INC12068,05-02-2026,Network,High,Operations,Agent 12,Reopened,5.1,Met,4
INC14709,05-02-2026,Email,Critical,Marketing,Agent 06,Resolved,5.9,Breached,5
INC14079,05-02-2026,Email,High,IT,Agent 17,Reopened,8.6,Met,3
INC13485,05-02-2026,Access,High,Sales,Agent 12,Resolved,8.8,Met,5
INC10994,05-02-2026,Security,High,IT,Agent 12,Reopened,16.4,Breached,3
INC10166,05-02-2026,Hardware,Medium,Marketing,Agent 05,Resolved,12.7,Met,4
INC13133,05-02-2026,Network,Medium,Marketing,Agent 18,Resolved,33.4,Breached,4
INC10226,05-02-2026,Security,High,Operations,Agent 02,Resolved,21.4,Breached,5
INC12966,05-02-2026,Network,Medium,Marketing,Agent 05,Resolved,23.3,Met,5
INC12278,05-02-2026,Network,Medium,Finance,Agent 14,Resolved,21.5,Met,4
INC11257,05-02-2026,Hardware,High,Sales,Agent 03,Resolved,10.2,Met,5
INC12721,05-02-2026,Network,Medium,IT,Agent 03,Resolved,56,Breached,4
INC11934,06-02-2026,Software,Low,Operations,Agent 18,Reopened,22.3,Met,1
INC10496,06-02-2026,Hardware,High,HR,Agent 03,Resolved,4.9,Met,4
INC14744,06-02-2026,Hardware,High,Finance,Agent 07,Resolved,5.1,Met,4
INC11076,06-02-2026,Security,Critical,IT,Agent 14,Resolved,8.7,Breached,5
INC10059,06-02-2026,Database,High,Marketing,Agent 08,Resolved,29.4,Breached,4
INC10771,06-02-2026,Software,Medium,HR,Agent 02,Resolved,6.6,Met,5
INC10157,07-02-2026,Software,Low,HR,Agent 17,Resolved,18.4,Met,4
INC10178,07-02-2026,Software,High,Marketing,Agent 13,Resolved,22.7,Breached,5
INC10622,07-02-2026,Software,Medium,IT,Agent 09,Resolved,7,Met,4
INC12671,07-02-2026,Software,High,HR,Agent 11,Resolved,13.2,Breached,4
INC13191,07-02-2026,Network,Critical,Finance,Agent 02,Resolved,5.9,Breached,5
INC10203,08-02-2026,Hardware,Low,Sales,Agent 13,Resolved,4.7,Met,5
INC12949,08-02-2026,Network,Medium,Marketing,Agent 09,Resolved,39.8,Breached,4
INC13157,08-02-2026,Hardware,Medium,Sales,Agent 20,Resolved,8.2,Met,4
INC12960,08-02-2026,Network,Low,Operations,Agent 06,Resolved,41.1,Met,4
INC13613,08-02-2026,Access,Medium,HR,Agent 07,Resolved,16.8,Met,4
INC12386,08-02-2026,Access,High,IT,Agent 14,Resolved,21.4,Breached,4
INC14518,09-02-2026,Software,Medium,IT,Agent 09,Resolved,9.6,Met,3
INC13980,09-02-2026,Software,Medium,Operations,Agent 16,Resolved,15.4,Met,5
INC12978,09-02-2026,Access,Low,Sales,Agent 19,Resolved,12.9,Met,5
INC10547,09-02-2026,Software,Critical,Customer Service,Agent 17,Resolved,2,Met,5
INC10626,09-02-2026,Hardware,Low,Finance,Agent 18,Resolved,6.9,Met,5
INC14125,09-02-2026,Software,Medium,HR,Agent 03,Resolved,11.4,Met,5
INC13532,09-02-2026,Email,Low,Sales,Agent 06,Resolved,34.4,Met,4
INC11999,09-02-2026,Hardware,Low,IT,Agent 08,Resolved,51.2,Breached,5
INC12027,09-02-2026,Database,Medium,HR,Agent 19,Resolved,44.2,Breached,4
INC11759,09-02-2026,Hardware,Low,Sales,Agent 17,Resolved,52.8,Breached,5
INC10842,09-02-2026,Software,Low,Marketing,Agent 08,Resolved,53.9,Breached,5
INC11833,09-02-2026,Access,Medium,Sales,Agent 07,Resolved,25.5,Breached,5
INC11739,10-02-2026,Hardware,Medium,Sales,Agent 05,Resolved,31.2,Breached,5
INC11721,10-02-2026,Access,Medium,IT,Agent 09,Reopened,12.4,Met,4
INC13767,10-02-2026,Hardware,Low,Customer Service,Agent 13,Resolved,38.6,Met,4
INC12360,10-02-2026,Network,Low,Sales,Agent 08,Resolved,38.2,Met,4
INC13609,10-02-2026,Hardware,Medium,HR,Agent 02,Resolved,8.3,Met,3
INC11011,10-02-2026,Network,Medium,IT,Agent 18,Resolved,52.3,Breached,4
INC11590,11-02-2026,Database,Medium,IT,Agent 10,Resolved,65,Breached,5
INC14002,11-02-2026,Email,Low,Marketing,Agent 11,Resolved,47.7,Met,5
INC11968,11-02-2026,Hardware,Medium,Customer Service,Agent 04,Reopened,25.1,Breached,5
INC12583,11-02-2026,Software,Low,Finance,Agent 07,Resolved,28.3,Met,5
INC10112,11-02-2026,Hardware,Medium,Operations,Agent 15,Resolved,13.3,Met,3
INC10098,11-02-2026,Hardware,High,Sales,Agent 06,Resolved,28.8,Breached,4
INC11733,11-02-2026,Software,Medium,Operations,Agent 05,Resolved,22.3,Met,2
INC12285,11-02-2026,Network,Medium,Operations,Agent 11,Resolved,19.2,Met,4
INC12097,12-02-2026,Email,Medium,Finance,Agent 17,Resolved,28,Breached,5
INC12453,12-02-2026,Network,Medium,HR,Agent 08,Resolved,32.8,Breached,3
INC12690,12-02-2026,Network,Medium,HR,Agent 19,Resolved,26.2,Breached,5
INC14591,12-02-2026,Access,Medium,Marketing,Agent 12,Resolved,5.2,Met,2
INC10283,12-02-2026,Software,High,Sales,Agent 15,Resolved,3.5,Met,5
INC13466,13-02-2026,Access,High,Marketing,Agent 07,Resolved,4.6,Met,4
INC14340,13-02-2026,Email,Medium,Marketing,Agent 06,Resolved,3,Met,3
INC10483,13-02-2026,Security,High,IT,Agent 12,Resolved,11,Met,4
INC14231,14-02-2026,Access,Critical,Marketing,Agent 17,Resolved,3.2,Met,4
INC10767,14-02-2026,Network,Medium,Customer Service,Agent 04,Resolved,23,Met,5
INC10728,14-02-2026,Access,Low,Sales,Agent 19,Resolved,29.3,Met,4
INC10796,15-02-2026,Hardware,Medium,Finance,Agent 01,Resolved,4.7,Met,3
INC14388,15-02-2026,Network,Low,Sales,Agent 14,Resolved,13.9,Met,5
INC10136,15-02-2026,Hardware,Low,Customer Service,Agent 01,Resolved,18.4,Met,2
INC10813,15-02-2026,Access,High,HR,Agent 11,Resolved,5.9,Met,4
INC13029,15-02-2026,Access,Medium,HR,Agent 15,Resolved,18.6,Met,5
INC12826,16-02-2026,Software,Medium,HR,Agent 05,Resolved,7.3,Met,5
INC11245,16-02-2026,Network,Medium,Finance,Agent 15,Resolved,18,Met,5
INC12421,16-02-2026,Database,Low,IT,Agent 15,Resolved,1.8,Met,5
INC13168,16-02-2026,Access,High,Operations,Agent 05,Resolved,2,Met,5
INC12688,16-02-2026,Network,Critical,Finance,Agent 05,Resolved,6.1,Breached,2
INC14547,16-02-2026,Hardware,Low,Finance,Agent 04,Resolved,15.7,Met,5
INC14479,17-02-2026,Network,Low,Finance,Agent 11,Resolved,16.1,Met,5
INC13207,17-02-2026,Access,Medium,HR,Agent 19,Resolved,22.1,Met,5
INC11241,18-02-2026,Hardware,Low,Finance,Agent 11,Resolved,25,Met,3
INC13194,18-02-2026,Email,Medium,IT,Agent 08,Resolved,24.5,Breached,5
INC12637,18-02-2026,Network,Medium,Marketing,Agent 14,Resolved,6.4,Met,3
INC13215,18-02-2026,Security,Medium,HR,Agent 11,Reopened,7.3,Met,3
INC12098,18-02-2026,Database,Medium,Marketing,Agent 04,Reopened,20.2,Met,5
INC14434,18-02-2026,Hardware,Medium,Customer Service,Agent 15,Resolved,20,Met,4
INC11104,18-02-2026,Email,Medium,Marketing,Agent 20,Resolved,19.4,Met,1
INC13456,18-02-2026,Network,High,Marketing,Agent 02,Resolved,27.1,Breached,4
INC11938,18-02-2026,Access,High,Operations,Agent 07,Resolved,11.5,Met,4
INC13998,19-02-2026,Email,High,Customer Service,Agent 18,Resolved,6.3,Met,1
INC10460,19-02-2026,Software,High,Sales,Agent 19,Resolved,4.5,Met,5
INC14211,19-02-2026,Access,Low,Operations,Agent 13,Resolved,68.4,Breached,5
INC10502,19-02-2026,Network,Medium,Customer Service,Agent 17,Reopened,33.7,Breached,5
INC14900,19-02-2026,Software,Medium,Finance,Agent 05,Resolved,3.4,Met,5
INC10187,19-02-2026,Software,High,Operations,Agent 06,Resolved,9.6,Met,5
INC11876,20-02-2026,Hardware,Low,Marketing,Agent 16,Resolved,29,Met,5
INC10160,20-02-2026,Network,High,Finance,Agent 14,Resolved,8.6,Met,5
INC12537,20-02-2026,Access,Medium,Operations,Agent 02,Resolved,26,Breached,4
INC13413,20-02-2026,Software,Medium,Finance,Agent 01,Resolved,25.7,Breached,1
INC11108,20-02-2026,Database,Medium,Sales,Agent 04,Resolved,17.8,Met,4
INC14554,20-02-2026,Security,Medium,Finance,Agent 09,Resolved,54.5,Breached,2
INC12581,21-02-2026,Hardware,High,Finance,Agent 15,Reopened,41.4,Breached,3
INC12247,21-02-2026,Email,Low,HR,Agent 10,Resolved,81.5,Breached,5
INC13824,21-02-2026,Network,Low,Finance,Agent 14,Resolved,22.9,Met,5
INC10367,21-02-2026,Network,Low,Marketing,Agent 13,Resolved,8.5,Met,5
INC12012,22-02-2026,Email,Low,IT,Agent 02,Resolved,21.8,Met,5
INC10378,22-02-2026,Network,Medium,IT,Agent 11,Resolved,14.4,Met,1
INC13070,22-02-2026,Hardware,High,Finance,Agent 07,Resolved,28.2,Breached,5
INC13234,23-02-2026,Access,Low,IT,Agent 07,Resolved,21.5,Met,1
INC14673,23-02-2026,Access,High,Customer Service,Agent 18,Resolved,1.6,Met,4
INC11738,23-02-2026,Network,High,Sales,Agent 12,Resolved,12.6,Breached,4
INC11653,23-02-2026,Network,Low,HR,Agent 12,Resolved,33.1,Met,4
INC14021,23-02-2026,Email,High,Finance,Agent 15,Resolved,23.7,Breached,4
INC14019,23-02-2026,Email,High,Sales,Agent 04,Resolved,2.9,Met,4
INC12486,23-02-2026,Network,Medium,Operations,Agent 14,Resolved,9.5,Met,4
INC12444,23-02-2026,Security,Low,IT,Agent 18,Resolved,52.8,Breached,4
INC13225,24-02-2026,Hardware,Critical,Customer Service,Agent 15,Resolved,5.5,Breached,3
INC11818,24-02-2026,Software,Medium,Finance,Agent 10,Resolved,6.8,Met,5
INC11607,24-02-2026,Access,Medium,IT,Agent 07,Resolved,11.3,Met,4
INC10386,24-02-2026,Hardware,Low,Operations,Agent 09,Resolved,23.8,Met,4
INC10792,24-02-2026,Software,Medium,Finance,Agent 09,Resolved,8.7,Met,5
INC14605,24-02-2026,Network,High,Marketing,Agent 14,Resolved,2.3,Met,2
INC13289,24-02-2026,Access,Medium,IT,Agent 09,Resolved,35,Breached,1
INC10207,24-02-2026,Hardware,Medium,Sales,Agent 19,Resolved,26.3,Breached,5
INC13022,24-02-2026,Software,Medium,HR,Agent 02,Resolved,9.3,Met,4
INC14299,24-02-2026,Software,High,Customer Service,Agent 11,Resolved,13.2,Breached,2
INC12459,24-02-2026,Network,Medium,Operations,Agent 19,Resolved,25.7,Breached,5
INC13684,24-02-2026,Software,Critical,IT,Agent 20,Resolved,3.1,Met,2
INC12419,24-02-2026,Software,Low,Finance,Agent 12,Resolved,27.5,Met,4
INC11418,24-02-2026,Access,High,Operations,Agent 09,Resolved,4.7,Met,2
INC12992,25-02-2026,Email,Low,Customer Service,Agent 14,Resolved,9.2,Met,3
INC14405,25-02-2026,Hardware,High,Customer Service,Agent 02,Resolved,4.7,Met,4
INC11973,25-02-2026,Hardware,Medium,Customer Service,Agent 01,Resolved,24.5,Breached,5
INC12800,25-02-2026,Email,Medium,IT,Agent 18,Resolved,27.7,Breached,4
INC12720,25-02-2026,Network,Medium,HR,Agent 10,Resolved,43.1,Breached,5
INC14259,25-02-2026,Software,Medium,IT,Agent 13,Reopened,27.1,Breached,5
INC14485,25-02-2026,Software,High,Finance,Agent 13,Resolved,8.3,Met,4
INC11820,26-02-2026,Hardware,Medium,Operations,Agent 12,Resolved,2.4,Met,5
INC14528,26-02-2026,Hardware,Low,Marketing,Agent 09,Resolved,25.8,Met,3
INC10447,26-02-2026,Access,Medium,IT,Agent 17,Resolved,6.3,Met,4
INC10583,26-02-2026,Access,Medium,Marketing,Agent 20,Resolved,20.2,Met,5
INC13760,26-02-2026,Network,Critical,Finance,Agent 13,Resolved,1.1,Met,4
INC11215,26-02-2026,Database,Critical,IT,Agent 12,Resolved,5.8,Breached,5
INC14445,26-02-2026,Hardware,Medium,Customer Service,Agent 02,Reopened,11.8,Met,4
INC12141,27-02-2026,Access,Medium,Customer Service,Agent 02,Resolved,20.1,Met,5
INC13062,27-02-2026,Hardware,High,IT,Agent 18,Resolved,17.9,Breached,4
INC11836,27-02-2026,Security,High,IT,Agent 08,Resolved,6.3,Met,5
INC11456,28-02-2026,Software,Critical,HR,Agent 08,Resolved,7,Breached,1
INC12293,28-02-2026,Hardware,Low,HR,Agent 05,Resolved,18.9,Met,3
INC13706,28-02-2026,Network,High,Finance,Agent 09,Resolved,9.1,Met,3
INC10895,28-02-2026,Access,Medium,Finance,Agent 02,Resolved,20.4,Met,5
INC14273,28-02-2026,Access,High,Customer Service,Agent 06,Resolved,14,Breached,5
INC12345,28-02-2026,Software,Medium,Marketing,Agent 10,Resolved,19.3,Met,4
INC12378,28-02-2026,Database,Low,IT,Agent 16,Resolved,74.3,Breached,5
INC14071,28-02-2026,Network,Low,Finance,Agent 18,Resolved,21.7,Met,5
INC13602,01-03-2026,Software,Medium,Operations,Agent 16,Resolved,4.9,Met,4
INC11341,01-03-2026,Email,Critical,Finance,Agent 03,Resolved,4.5,Breached,5
INC14590,01-03-2026,Hardware,Medium,IT,Agent 14,Resolved,28.3,Breached,5
INC13339,01-03-2026,Network,Critical,HR,Agent 15,Resolved,3.2,Met,4
INC11863,01-03-2026,Email,Medium,Marketing,Agent 03,Resolved,19,Met,1
INC11678,01-03-2026,Database,High,IT,Agent 10,Resolved,11.5,Met,5
INC13173,01-03-2026,Database,Medium,Operations,Agent 07,Resolved,30.5,Breached,5
INC10692,01-03-2026,Software,High,Marketing,Agent 20,Resolved,4.8,Met,5
INC12132,01-03-2026,Hardware,Medium,Operations,Agent 17,Resolved,11.3,Met,3
INC14995,02-03-2026,Database,High,HR,Agent 02,Resolved,7.1,Met,2
INC13341,02-03-2026,Email,Medium,HR,Agent 14,Resolved,15.9,Met,5
INC14957,02-03-2026,Email,Critical,IT,Agent 16,Resolved,6.8,Breached,5
INC12297,02-03-2026,Hardware,Medium,HR,Agent 19,Reopened,1.5,Met,4
INC11098,02-03-2026,Database,Medium,Operations,Agent 04,Resolved,38.3,Breached,2
INC14541,02-03-2026,Email,Medium,Operations,Agent 18,Resolved,31.7,Breached,5
INC12119,02-03-2026,Access,High,Operations,Agent 01,Resolved,14.5,Breached,5
INC11220,02-03-2026,Software,High,Sales,Agent 15,Resolved,9.2,Met,4
INC14608,03-03-2026,Software,Medium,Sales,Agent 09,Resolved,16.6,Met,5
INC12921,03-03-2026,Network,High,Sales,Agent 12,Resolved,10.4,Met,2
INC12487,03-03-2026,Hardware,High,Sales,Agent 10,Resolved,8.8,Met,3
INC11588,03-03-2026,Access,Low,Operations,Agent 18,Resolved,22.9,Met,4
INC14462,03-03-2026,Software,Low,Finance,Agent 08,Resolved,23.7,Met,5
INC14390,03-03-2026,Email,Low,Finance,Agent 20,Resolved,15.2,Met,2
INC11529,03-03-2026,Network,Medium,Marketing,Agent 13,Resolved,22.2,Met,5
INC13112,04-03-2026,Email,Medium,Customer Service,Agent 14,Resolved,2.7,Met,5
INC11362,04-03-2026,Network,Medium,Finance,Agent 01,Reopened,35.3,Breached,3
INC10049,04-03-2026,Email,Critical,Operations,Agent 01,Resolved,9.2,Breached,1
INC14651,04-03-2026,Access,Medium,HR,Agent 09,Resolved,9.4,Met,4
INC11509,04-03-2026,Security,Low,Finance,Agent 17,Resolved,6.5,Met,2
INC13737,04-03-2026,Hardware,Medium,Customer Service,Agent 14,Resolved,13.8,Met,5
INC14593,04-03-2026,Email,High,Marketing,Agent 08,Resolved,3.3,Met,3
INC12714,04-03-2026,Access,Medium,IT,Agent 07,Resolved,57.5,Breached,5
INC13989,05-03-2026,Database,High,Finance,Agent 15,Resolved,4.9,Met,5
INC14730,05-03-2026,Access,High,IT,Agent 20,Resolved,1.4,Met,4
INC11123,05-03-2026,Access,Medium,Operations,Agent 01,Resolved,5.3,Met,5
INC12460,05-03-2026,Hardware,High,Finance,Agent 11,Resolved,4.3,Met,4
INC14421,05-03-2026,Network,Medium,Operations,Agent 11,Resolved,34.2,Breached,4
INC14041,05-03-2026,Hardware,Low,IT,Agent 18,Resolved,45.3,Met,4
INC11749,05-03-2026,Software,Medium,Sales,Agent 17,Resolved,5.9,Met,1
INC10891,05-03-2026,Access,Medium,Operations,Agent 11,Resolved,22.9,Met,4
INC14632,05-03-2026,Access,Medium,IT,Agent 11,Resolved,20.9,Met,5
INC13611,06-03-2026,Hardware,Medium,Operations,Agent 11,Resolved,26.2,Breached,3
INC12524,07-03-2026,Hardware,Low,Customer Service,Agent 01,Resolved,77.1,Breached,5
INC14169,07-03-2026,Software,Medium,Operations,Agent 03,Resolved,60.4,Breached,4
INC12732,07-03-2026,Access,Medium,IT,Agent 08,Resolved,20.6,Met,4
INC14140,07-03-2026,Software,High,IT,Agent 18,Resolved,7.7,Met,5
INC12344,07-03-2026,Network,Medium,Sales,Agent 04,Resolved,1.6,Met,3
INC11129,08-03-2026,Security,Medium,Finance,Agent 11,Resolved,12.8,Met,5
INC12381,08-03-2026,Access,Medium,HR,Agent 01,Resolved,15.8,Met,3
INC12056,08-03-2026,Network,High,IT,Agent 17,Resolved,3.7,Met,4
INC11652,08-03-2026,Software,High,Operations,Agent 16,Resolved,13.4,Breached,4
INC14696,08-03-2026,Access,Medium,Operations,Agent 16,Resolved,24.2,Breached,5
INC12326,08-03-2026,Access,Critical,Finance,Agent 11,Resolved,1.8,Met,4
INC13003,09-03-2026,Database,Medium,Customer Service,Agent 17,Resolved,16.9,Met,5
INC13391,09-03-2026,Access,Low,IT,Agent 14,Resolved,18.4,Met,4
INC13931,09-03-2026,Network,Medium,Customer Service,Agent 18,Resolved,30.7,Breached,5
INC14551,09-03-2026,Software,Low,IT,Agent 07,Resolved,39.2,Met,4
INC12499,10-03-2026,Security,High,Marketing,Agent 20,Resolved,12.7,Breached,5
INC12233,10-03-2026,Access,Medium,Finance,Agent 18,Resolved,12.8,Met,5
INC13612,10-03-2026,Access,Medium,Sales,Agent 09,Reopened,26.1,Breached,3
INC13920,10-03-2026,Security,Medium,Customer Service,Agent 09,Resolved,19.2,Met,4
INC12835,10-03-2026,Security,Medium,IT,Agent 11,Resolved,13.4,Met,5
INC10587,11-03-2026,Network,High,Customer Service,Agent 16,Resolved,8.7,Met,5
INC10724,11-03-2026,Security,High,HR,Agent 14,Resolved,41.7,Breached,1
INC12154,11-03-2026,Access,Medium,Finance,Agent 14,Resolved,10.8,Met,5
INC10886,11-03-2026,Database,Medium,HR,Agent 03,Resolved,54.6,Breached,5
INC11039,11-03-2026,Network,Medium,Sales,Agent 19,Resolved,7.5,Met,4
INC13432,11-03-2026,Access,Medium,Operations,Agent 04,Resolved,23.8,Met,3
INC11886,11-03-2026,Software,Medium,Customer Service,Agent 02,Resolved,30.1,Breached,4
INC12552,11-03-2026,Email,Low,IT,Agent 07,Resolved,11.5,Met,4
INC14693,11-03-2026,Hardware,High,Sales,Agent 13,Resolved,6.5,Met,5
INC14281,11-03-2026,Network,Medium,Sales,Agent 11,Resolved,13.4,Met,3
INC11941,11-03-2026,Network,Medium,Operations,Agent 01,Resolved,3.7,Met,3
INC10581,11-03-2026,Database,Medium,HR,Agent 03,Resolved,6.3,Met,4
INC10002,12-03-2026,Access,Medium,IT,Agent 20,Resolved,7.8,Met,5
INC12179,12-03-2026,Email,Low,Customer Service,Agent 09,Resolved,56.9,Breached,3
INC11895,12-03-2026,Access,Medium,Finance,Agent 11,Resolved,17,Met,5
INC11965,12-03-2026,Access,Low,Marketing,Agent 08,Resolved,14.7,Met,4
INC13255,12-03-2026,Hardware,High,Finance,Agent 16,Resolved,3.8,Met,1
INC10852,12-03-2026,Email,High,Marketing,Agent 06,Resolved,4.8,Met,4
INC13051,12-03-2026,Hardware,Medium,Sales,Agent 02,Resolved,22.5,Met,5
INC11854,12-03-2026,Access,Medium,HR,Agent 05,Resolved,26,Breached,5
INC11773,12-03-2026,Software,Medium,Sales,Agent 14,Resolved,14.4,Met,4
INC14350,13-03-2026,Software,High,Operations,Agent 05,Resolved,9.3,Met,5
INC10550,13-03-2026,Email,Medium,Customer Service,Agent 08,Resolved,4.4,Met,5
INC10700,13-03-2026,Hardware,Medium,Finance,Agent 04,Resolved,51.8,Breached,5
INC12308,13-03-2026,Software,Medium,IT,Agent 15,Resolved,11.2,Met,5
INC11223,13-03-2026,Hardware,High,IT,Agent 08,Resolved,6.1,Met,4
INC12669,13-03-2026,Security,Low,HR,Agent 12,Resolved,49.3,Breached,5
INC13520,13-03-2026,Network,High,Finance,Agent 12,Resolved,25.8,Breached,4
INC10569,14-03-2026,Software,Medium,Finance,Agent 11,Resolved,7.9,Met,5
INC12457,14-03-2026,Network,Critical,Marketing,Agent 03,Reopened,4.2,Breached,5
INC12943,14-03-2026,Access,Critical,Customer Service,Agent 02,Resolved,4.7,Breached,5
INC13630,14-03-2026,Database,Medium,Customer Service,Agent 18,Resolved,20,Met,4
INC14419,14-03-2026,Network,Critical,IT,Agent 12,Resolved,5.2,Breached,3
INC12347,14-03-2026,Access,Low,Operations,Agent 17,Resolved,51.5,Breached,2
INC10235,14-03-2026,Hardware,Low,Finance,Agent 02,Resolved,53.1,Breached,4
INC12765,14-03-2026,Email,Low,Operations,Agent 06,Resolved,38,Met,5
INC13717,15-03-2026,Hardware,Low,Sales,Agent 10,Resolved,26.7,Met,4
INC14657,15-03-2026,Email,High,Sales,Agent 16,Resolved,3.2,Met,3
INC14644,15-03-2026,Software,High,HR,Agent 10,Resolved,5.4,Met,2
INC14743,15-03-2026,Database,Critical,Marketing,Agent 03,Resolved,4.5,Breached,5
INC11647,15-03-2026,Network,Medium,Finance,Agent 03,Reopened,8.4,Met,5
INC14848,15-03-2026,Software,Low,IT,Agent 17,Resolved,19,Met,4
INC10162,15-03-2026,Access,Critical,IT,Agent 08,Resolved,3.8,Met,2
INC14961,15-03-2026,Network,Low,Sales,Agent 12,Reopened,20.9,Met,3
INC14981,15-03-2026,Hardware,High,Customer Service,Agent 03,Resolved,10,Met,4
INC13973,15-03-2026,Hardware,High,Marketing,Agent 15,Resolved,20.2,Breached,1
INC13745,15-03-2026,Access,Medium,HR,Agent 03,Resolved,21.7,Met,5
INC14988,16-03-2026,Access,Low,HR,Agent 10,Resolved,48.7,Breached,4
INC11291,16-03-2026,Software,Medium,Customer Service,Agent 13,Resolved,7.3,Met,5
INC12478,16-03-2026,Network,Medium,IT,Agent 18,Resolved,18.2,Met,5
INC14303,16-03-2026,Email,Medium,Customer Service,Agent 19,Resolved,19.3,Met,1
INC14382,16-03-2026,Access,Medium,HR,Agent 05,Resolved,10.1,Met,4
INC14653,16-03-2026,Network,Medium,HR,Agent 04,Resolved,51.1,Breached,4
INC11115,16-03-2026,Access,Medium,HR,Agent 20,Resolved,10.7,Met,3
INC12494,16-03-2026,Access,Critical,Finance,Agent 14,Resolved,8.7,Breached,5
INC11136,16-03-2026,Software,High,Operations,Agent 15,Resolved,7.9,Met,4
INC14369,17-03-2026,Database,Medium,Customer Service,Agent 03,Resolved,21.6,Met,3
INC12109,17-03-2026,Network,Medium,Customer Service,Agent 05,Resolved,37.6,Breached,4
INC10794,17-03-2026,Database,Medium,Customer Service,Agent 05,Resolved,21.8,Met,4
INC14193,17-03-2026,Email,High,Customer Service,Agent 01,Reopened,12,Met,2
INC12376,17-03-2026,Security,High,Sales,Agent 13,Resolved,10.8,Met,5
INC14616,17-03-2026,Access,High,HR,Agent 17,Resolved,10.4,Met,5
INC14454,17-03-2026,Access,Low,Finance,Agent 04,Resolved,21.8,Met,5
INC12846,17-03-2026,Email,Medium,Sales,Agent 16,Resolved,6.9,Met,4
INC11659,17-03-2026,Email,High,Customer Service,Agent 06,Resolved,12.2,Breached,5
INC10495,17-03-2026,Database,Medium,Operations,Agent 14,Resolved,21.9,Met,4
INC12702,17-03-2026,Access,Medium,Operations,Agent 12,Resolved,4.1,Met,5
INC13571,18-03-2026,Network,Medium,Marketing,Agent 08,Resolved,3.5,Met,3
INC11697,18-03-2026,Access,High,Finance,Agent 15,Resolved,5.6,Met,5
INC10145,18-03-2026,Network,High,Customer Service,Agent 09,Resolved,12.6,Breached,4
INC10975,18-03-2026,Software,Low,HR,Agent 16,Resolved,46.4,Met,5
INC11902,18-03-2026,Email,Low,IT,Agent 04,Resolved,40.2,Met,4
INC14504,18-03-2026,Network,Medium,IT,Agent 06,Resolved,12.9,Met,4
INC14945,18-03-2026,Hardware,Medium,HR,Agent 18,Resolved,13.1,Met,5
INC13273,19-03-2026,Email,High,Sales,Agent 12,Resolved,6.3,Met,4
INC13959,19-03-2026,Security,Low,HR,Agent 04,Resolved,58.9,Breached,1
INC14559,19-03-2026,Software,Critical,Operations,Agent 11,Resolved,3.2,Met,4
INC13044,19-03-2026,Software,Medium,Operations,Agent 07,Resolved,16,Met,3
INC12286,19-03-2026,Access,Medium,Customer Service,Agent 05,Reopened,19.4,Met,4
INC14397,19-03-2026,Software,Low,Customer Service,Agent 07,Resolved,37.2,Met,4
INC12502,19-03-2026,Email,High,Marketing,Agent 15,Resolved,27.5,Breached,5
INC10918,19-03-2026,Email,Medium,Operations,Agent 13,Resolved,0.5,Met,5
INC10696,19-03-2026,Hardware,High,Customer Service,Agent 04,Resolved,8.3,Met,5
INC12597,19-03-2026,Network,Medium,Operations,Agent 17,Resolved,42.3,Breached,2
INC12485,20-03-2026,Email,Low,Operations,Agent 20,Resolved,60.6,Breached,4
INC14674,20-03-2026,Database,Medium,Operations,Agent 06,Resolved,70.2,Breached,4
INC14614,20-03-2026,Email,Low,Sales,Agent 15,Resolved,26.3,Met,4
INC13490,21-03-2026,Email,Medium,Marketing,Agent 08,Resolved,50.9,Breached,5
INC11405,21-03-2026,Network,Medium,Operations,Agent 05,Resolved,23.9,Met,4
INC11620,21-03-2026,Network,Medium,HR,Agent 13,Resolved,12.6,Met,4
INC13285,21-03-2026,Email,Low,Customer Service,Agent 12,Resolved,22,Met,4
INC14938,21-03-2026,Network,High,Operations,Agent 09,Resolved,16.1,Breached,4
INC13967,21-03-2026,Access,High,Operations,Agent 13,Resolved,12.9,Breached,4
INC12407,21-03-2026,Network,Critical,Finance,Agent 04,Resolved,2.8,Met,5
INC10406,21-03-2026,Email,Medium,Marketing,Agent 10,Resolved,30.4,Breached,5
INC12131,21-03-2026,Hardware,Medium,IT,Agent 13,Resolved,15.9,Met,5
INC11704,22-03-2026,Hardware,High,Finance,Agent 20,Resolved,5.1,Met,3
INC10560,22-03-2026,Software,Medium,Sales,Agent 20,Resolved,46.8,Breached,4
INC12898,22-03-2026,Access,Medium,Customer Service,Agent 04,Resolved,30.9,Breached,3
INC13711,22-03-2026,Network,Medium,IT,Agent 13,Resolved,7.3,Met,4
INC13933,22-03-2026,Network,Low,Sales,Agent 01,Resolved,26.1,Met,5
INC12680,22-03-2026,Security,High,Marketing,Agent 09,Resolved,12.5,Breached,4
INC12878,22-03-2026,Network,High,Customer Service,Agent 01,Resolved,10.8,Met,4
INC14893,22-03-2026,Hardware,High,Marketing,Agent 11,Resolved,16.3,Breached,4
INC10705,22-03-2026,Software,Medium,HR,Agent 06,Resolved,16.4,Met,4
INC12173,23-03-2026,Network,Medium,Customer Service,Agent 13,Resolved,25.5,Breached,5
INC13736,23-03-2026,Software,Medium,Marketing,Agent 04,Resolved,32.3,Breached,3
INC13887,23-03-2026,Security,High,Operations,Agent 10,Resolved,8.1,Met,5
INC11787,23-03-2026,Access,Critical,Customer Service,Agent 13,Resolved,2.4,Met,5
INC14896,23-03-2026,Software,Critical,HR,Agent 06,Resolved,9,Breached,5
INC10588,23-03-2026,Hardware,Critical,Customer Service,Agent 12,Resolved,8.4,Breached,5
INC12507,24-03-2026,Network,High,HR,Agent 19,Resolved,6,Met,4
INC14008,24-03-2026,Software,Critical,IT,Agent 20,Resolved,4.7,Breached,5
INC10786,24-03-2026,Software,Medium,HR,Agent 07,Resolved,3.2,Met,2
INC12375,25-03-2026,Network,Low,IT,Agent 05,Resolved,8.3,Met,5
INC13218,25-03-2026,Network,Critical,Marketing,Agent 15,Resolved,8.4,Breached,1
INC11992,25-03-2026,Hardware,Medium,Finance,Agent 20,Resolved,42.7,Breached,4
INC13963,25-03-2026,Access,Medium,Marketing,Agent 18,Resolved,11.5,Met,5
INC12655,26-03-2026,Access,High,Operations,Agent 13,Resolved,2.4,Met,4
INC12429,26-03-2026,Software,Critical,Operations,Agent 09,Reopened,1.9,Met,2
INC11574,26-03-2026,Hardware,High,Sales,Agent 04,Resolved,8.6,Met,4
INC13145,26-03-2026,Network,High,Customer Service,Agent 11,Resolved,7,Met,4
INC12237,26-03-2026,Hardware,Low,HR,Agent 13,Resolved,74.1,Breached,4
INC10527,26-03-2026,Access,High,Customer Service,Agent 05,Resolved,3.8,Met,5
INC11024,26-03-2026,Network,Medium,Marketing,Agent 11,Resolved,31.2,Breached,5
INC14537,26-03-2026,Network,Medium,Sales,Agent 19,Reopened,22.8,Met,5
INC13583,26-03-2026,Network,Low,IT,Agent 06,Resolved,36.1,Met,5
INC13355,26-03-2026,Software,Medium,Sales,Agent 15,Resolved,16.9,Met,3
INC12466,27-03-2026,Security,Medium,Operations,Agent 02,Resolved,25.7,Breached,3
INC10468,27-03-2026,Access,Medium,Marketing,Agent 19,Resolved,14,Met,5
INC12663,27-03-2026,Access,Medium,Finance,Agent 15,Resolved,17.8,Met,5
INC12939,27-03-2026,Software,High,Customer Service,Agent 04,Resolved,22.8,Breached,4
INC13401,27-03-2026,Hardware,High,IT,Agent 03,Resolved,8.4,Met,4
INC12715,28-03-2026,Access,Medium,Operations,Agent 14,Resolved,7.6,Met,5
INC14313,28-03-2026,Network,Medium,Customer Service,Agent 16,Resolved,17.2,Met,3
INC12731,28-03-2026,Security,Medium,Sales,Agent 20,Resolved,57.5,Breached,5
INC14082,28-03-2026,Access,Low,Marketing,Agent 09,Resolved,6.9,Met,1
INC13208,28-03-2026,Access,Low,Sales,Agent 13,Resolved,1.5,Met,3
INC12412,29-03-2026,Software,High,Finance,Agent 15,Resolved,15.9,Breached,4
INC14063,29-03-2026,Database,Low,Sales,Agent 13,Resolved,41,Met,4
INC14555,29-03-2026,Access,Critical,Marketing,Agent 07,Resolved,8.2,Breached,3
INC13702,29-03-2026,Email,Critical,Sales,Agent 01,Resolved,8.1,Breached,4
INC10195,29-03-2026,Access,Medium,IT,Agent 10,Resolved,4.6,Met,5
INC12875,29-03-2026,Security,High,Sales,Agent 12,Resolved,15.4,Breached,5
INC13101,29-03-2026,Software,Low,Sales,Agent 04,Resolved,33.4,Met,4
INC14297,30-03-2026,Database,Medium,IT,Agent 09,Resolved,28.9,Breached,1
INC12197,30-03-2026,Hardware,High,IT,Agent 07,Resolved,6,Met,3
INC14085,30-03-2026,Network,Medium,Marketing,Agent 05,Resolved,2.4,Met,5
INC11553,30-03-2026,Access,Critical,Customer Service,Agent 07,Resolved,6.1,Breached,5
INC12436,30-03-2026,Software,Low,HR,Agent 12,Resolved,4.7,Met,5
INC11575,30-03-2026,Network,Medium,Sales,Agent 13,Resolved,23,Met,4
INC11189,30-03-2026,Security,Low,Operations,Agent 11,Resolved,46.7,Met,5
INC10048,31-03-2026,Hardware,Medium,Sales,Agent 01,Resolved,46.8,Breached,5
INC11829,31-03-2026,Software,Medium,Marketing,Agent 06,Reopened,21.7,Met,3
INC12357,31-03-2026,Software,Medium,HR,Agent 09,Reopened,32.1,Breached,5
INC12744,31-03-2026,Email,Medium,IT,Agent 03,Resolved,3.1,Met,5
INC13312,31-03-2026,Access,Low,Marketing,Agent 05,Resolved,28.8,Met,5
INC11654,31-03-2026,Network,Medium,HR,Agent 18,Resolved,10.7,Met,3
INC10473,01-04-2026,Software,Medium,HR,Agent 11,Resolved,7,Met,4
INC12936,01-04-2026,Hardware,High,Customer Service,Agent 04,Resolved,2.6,Met,4
INC12684,01-04-2026,Database,Medium,IT,Agent 08,Resolved,6.8,Met,5
INC10064,01-04-2026,Email,Low,Operations,Agent 17,Resolved,75.4,Breached,5
INC10135,01-04-2026,Software,Medium,HR,Agent 06,Resolved,11,Met,4
INC12818,01-04-2026,Hardware,Medium,IT,Agent 10,Resolved,40.2,Breached,5
INC12855,01-04-2026,Network,Low,Operations,Agent 02,Resolved,32.7,Met,5
INC14072,02-04-2026,Access,Medium,Marketing,Agent 12,Resolved,28.1,Breached,2
INC13347,02-04-2026,Hardware,Critical,Operations,Agent 09,Resolved,4.4,Breached,4
INC14469,02-04-2026,Software,Medium,HR,Agent 20,Resolved,29.8,Breached,5
INC12239,02-04-2026,Email,Critical,Marketing,Agent 14,Resolved,3.6,Met,3
INC13969,02-04-2026,Access,Medium,Finance,Agent 11,Resolved,7.6,Met,1
INC10557,02-04-2026,Security,Medium,Customer Service,Agent 01,Resolved,19.5,Met,4
INC10389,02-04-2026,Software,Low,IT,Agent 15,Resolved,8.5,Met,4
INC12813,02-04-2026,Access,High,IT,Agent 11,Resolved,8.4,Met,5
INC13108,03-04-2026,Database,Medium,HR,Agent 15,Resolved,10.5,Met,4
INC14056,03-04-2026,Network,Low,Marketing,Agent 20,Resolved,29.8,Met,4
INC13605,03-04-2026,Access,Low,Sales,Agent 12,Resolved,9,Met,2
INC10907,03-04-2026,Access,High,Finance,Agent 01,Resolved,6.7,Met,4
INC13558,04-04-2026,Network,Medium,IT,Agent 04,Resolved,11,Met,5
INC10754,04-04-2026,Software,Medium,Customer Service,Agent 11,Resolved,5.4,Met,3
INC11379,04-04-2026,Email,Medium,Operations,Agent 02,Resolved,13.8,Met,2
INC14123,04-04-2026,Security,Medium,HR,Agent 07,Resolved,24.5,Breached,5
INC11288,04-04-2026,Network,Medium,Marketing,Agent 18,Resolved,37.7,Breached,2
INC10011,04-04-2026,Software,Low,HR,Agent 07,Resolved,18.7,Met,4
INC12753,04-04-2026,Database,High,IT,Agent 04,Resolved,16.7,Breached,5
INC12869,04-04-2026,Network,Critical,Operations,Agent 04,Resolved,2.7,Met,2
INC11665,04-04-2026,Network,Critical,Marketing,Agent 02,Resolved,5.7,Breached,5
INC11457,05-04-2026,Hardware,Critical,Operations,Agent 01,Resolved,10,Breached,3
INC13915,05-04-2026,Network,Medium,Marketing,Agent 19,Resolved,22.2,Met,5
INC10024,05-04-2026,Software,Critical,Customer Service,Agent 19,Resolved,4.6,Breached,5
INC13888,05-04-2026,Access,Medium,HR,Agent 13,Resolved,8.8,Met,5
INC10829,05-04-2026,Database,Low,Marketing,Agent 02,Resolved,5.2,Met,4
INC11971,06-04-2026,Network,Medium,Marketing,Agent 17,Resolved,29.8,Breached,5
INC10542,06-04-2026,Network,High,Sales,Agent 08,Resolved,11.8,Met,5
INC10523,06-04-2026,Network,Medium,Finance,Agent 14,Resolved,28.7,Breached,5
INC12854,06-04-2026,Hardware,Medium,Customer Service,Agent 03,Resolved,34,Breached,5
INC14171,06-04-2026,Hardware,Medium,Operations,Agent 05,Resolved,14.6,Met,5
INC10108,06-04-2026,Email,Critical,IT,Agent 07,Resolved,9.2,Breached,3
INC11752,07-04-2026,Security,Low,Customer Service,Agent 08,Resolved,156.8,Breached,5
INC10838,07-04-2026,Email,Medium,Customer Service,Agent 11,Resolved,19.6,Met,4
INC14315,07-04-2026,Email,Low,Sales,Agent 15,Resolved,19.2,Met,2
INC13565,07-04-2026,Software,High,Sales,Agent 19,Resolved,7.1,Met,5
INC10100,07-04-2026,Email,Medium,Customer Service,Agent 07,Resolved,23.2,Met,5
INC11964,08-04-2026,Network,Critical,Marketing,Agent 07,Resolved,9.7,Breached,5
INC11967,08-04-2026,Network,Low,HR,Agent 04,Resolved,76.3,Breached,3
INC11347,08-04-2026,Software,Medium,Operations,Agent 01,Resolved,5.5,Met,5
INC14037,08-04-2026,Hardware,High,IT,Agent 10,Resolved,11,Met,4
INC11915,08-04-2026,Access,Medium,Sales,Agent 11,Resolved,23.9,Met,5
INC11801,08-04-2026,Access,High,HR,Agent 16,Resolved,8.4,Met,5
INC14687,08-04-2026,Access,Low,Customer Service,Agent 07,Resolved,17.7,Met,1
INC14984,09-04-2026,Email,High,Marketing,Agent 09,Resolved,5.5,Met,3
INC14878,09-04-2026,Access,High,HR,Agent 06,Resolved,17.6,Breached,3
INC13125,09-04-2026,Hardware,Critical,Sales,Agent 15,Reopened,3.5,Met,5
INC10176,09-04-2026,Security,Medium,Operations,Agent 04,Resolved,51.2,Breached,5
INC12796,10-04-2026,Access,Medium,Sales,Agent 05,Resolved,7.9,Met,5
INC13343,10-04-2026,Software,Medium,Finance,Agent 17,Resolved,11.5,Met,4
INC14155,10-04-2026,Email,Medium,Operations,Agent 20,Resolved,14.3,Met,3
INC14602,10-04-2026,Hardware,Medium,Finance,Agent 19,Resolved,19.5,Met,2
INC13652,10-04-2026,Database,Medium,Marketing,Agent 18,Resolved,19.5,Met,5
INC12309,10-04-2026,Security,Medium,Sales,Agent 15,Resolved,18,Met,4
INC11735,11-04-2026,Hardware,High,HR,Agent 16,Resolved,16.5,Breached,5
INC14690,11-04-2026,Email,High,HR,Agent 04,Resolved,0.7,Met,4
INC12697,11-04-2026,Database,High,IT,Agent 16,Resolved,14.9,Breached,2
INC11761,11-04-2026,Access,Medium,Customer Service,Agent 04,Resolved,11.5,Met,5
INC11057,11-04-2026,Access,High,IT,Agent 11,Reopened,13.1,Breached,5
INC14815,12-04-2026,Software,Medium,Operations,Agent 15,Resolved,2.9,Met,5
INC10008,12-04-2026,Software,Medium,Marketing,Agent 10,Resolved,10.9,Met,5
INC12372,12-04-2026,Access,High,Marketing,Agent 02,Resolved,2.4,Met,4
INC11793,12-04-2026,Software,Medium,Finance,Agent 12,Resolved,9.5,Met,4
INC11796,12-04-2026,Software,High,Sales,Agent 05,Resolved,11,Met,4
INC11016,12-04-2026,Software,Medium,Finance,Agent 18,Resolved,2.6,Met,5
INC14828,12-04-2026,Hardware,Low,Operations,Agent 10,Resolved,7.2,Met,4
INC14429,12-04-2026,Database,Low,Operations,Agent 02,Resolved,65.1,Breached,5
INC13816,12-04-2026,Software,Medium,Marketing,Agent 06,Resolved,15.3,Met,5
INC11240,12-04-2026,Email,Medium,Finance,Agent 12,Resolved,5,Met,5
INC13593,13-04-2026,Hardware,Low,IT,Agent 10,Resolved,41.8,Met,4
INC13172,13-04-2026,Software,Medium,IT,Agent 05,Resolved,10.1,Met,3
INC10715,13-04-2026,Email,Medium,Customer Service,Agent 03,Resolved,10.2,Met,2
INC14264,13-04-2026,Network,Medium,Finance,Agent 16,Resolved,6.6,Met,3
INC12196,13-04-2026,Access,High,Operations,Agent 16,Resolved,12.2,Breached,5
INC10936,14-04-2026,Security,Critical,Sales,Agent 10,Resolved,3.4,Met,5
INC13932,14-04-2026,Email,Medium,Sales,Agent 04,Resolved,9.4,Met,5
INC12026,14-04-2026,Email,Medium,Marketing,Agent 15,Resolved,31,Breached,5
INC12330,14-04-2026,Database,Medium,Operations,Agent 01,Resolved,11.5,Met,5
INC11598,15-04-2026,Security,Low,IT,Agent 06,Resolved,26.6,Met,3
INC10229,15-04-2026,Access,High,Sales,Agent 10,Resolved,9.4,Met,3
INC10689,15-04-2026,Security,Critical,IT,Agent 04,Resolved,6.3,Breached,1
INC13489,15-04-2026,Software,High,Marketing,Agent 15,Resolved,4.9,Met,5
INC12722,16-04-2026,Access,Medium,Finance,Agent 17,Resolved,18.5,Met,5
INC14184,16-04-2026,Email,Medium,Operations,Agent 09,Resolved,24.3,Breached,5
INC13004,16-04-2026,Security,Medium,HR,Agent 03,Resolved,59.5,Breached,5
INC12830,16-04-2026,Hardware,High,Finance,Agent 18,Resolved,18.8,Breached,3
INC13944,16-04-2026,Access,Medium,Operations,Agent 01,Resolved,26.8,Breached,4
INC12696,16-04-2026,Software,Medium,Customer Service,Agent 02,Resolved,16.9,Met,5
INC11694,16-04-2026,Hardware,Medium,Operations,Agent 08,Resolved,10.2,Met,4
INC10948,16-04-2026,Database,Medium,IT,Agent 05,Resolved,20,Met,3
INC13598,16-04-2026,Hardware,Medium,HR,Agent 02,Resolved,13.4,Met,3
INC13822,16-04-2026,Software,Medium,Sales,Agent 04,Resolved,39.6,Breached,5
INC13345,16-04-2026,Security,Medium,Customer Service,Agent 19,Resolved,18.1,Met,1
INC13695,16-04-2026,Security,Critical,Customer Service,Agent 12,Resolved,9,Breached,5
INC13889,17-04-2026,Hardware,Medium,HR,Agent 04,Reopened,6.2,Met,3
INC10141,17-04-2026,Software,Medium,HR,Agent 15,Resolved,8.8,Met,5
INC10081,17-04-2026,Software,Medium,HR,Agent 11,Resolved,21.4,Met,4
INC10126,18-04-2026,Hardware,Medium,Marketing,Agent 11,Resolved,20.4,Met,1
INC11564,18-04-2026,Hardware,Critical,IT,Agent 17,Resolved,8.6,Breached,4
INC13805,18-04-2026,Software,Low,Sales,Agent 03,Resolved,37.4,Met,5
INC11997,18-04-2026,Network,High,Marketing,Agent 06,Resolved,13.7,Breached,5
INC10214,18-04-2026,Access,Medium,IT,Agent 20,Resolved,55.2,Breached,5
INC13800,19-04-2026,Access,Medium,Operations,Agent 16,Resolved,7.5,Met,5
INC13171,19-04-2026,Access,Low,Operations,Agent 04,Resolved,45.8,Met,2
INC12656,19-04-2026,Security,Critical,Customer Service,Agent 04,Resolved,1.7,Met,4
INC11259,19-04-2026,Email,Critical,IT,Agent 09,Resolved,3.9,Met,3
INC14146,19-04-2026,Security,Medium,Customer Service,Agent 04,Resolved,13,Met,2
INC10652,19-04-2026,Network,Low,Marketing,Agent 14,Resolved,59.3,Breached,3
INC13086,19-04-2026,Software,Low,HR,Agent 15,Resolved,34.1,Met,4
INC14270,19-04-2026,Network,Medium,Sales,Agent 13,Resolved,12.8,Met,4
INC12489,20-04-2026,Network,Critical,Sales,Agent 09,Resolved,2.3,Met,3
INC14359,20-04-2026,Access,High,Finance,Agent 07,Resolved,9.9,Met,5
INC10028,20-04-2026,Email,Critical,IT,Agent 12,Resolved,10.2,Breached,1
INC10860,20-04-2026,Software,Medium,Finance,Agent 02,Resolved,29.8,Breached,5
INC10549,21-04-2026,Security,Medium,Operations,Agent 18,Resolved,13.2,Met,5
INC12228,21-04-2026,Email,Medium,Finance,Agent 19,Resolved,17.7,Met,4
INC12064,21-04-2026,Email,High,HR,Agent 05,Resolved,9.3,Met,5
INC10995,21-04-2026,Email,Medium,Finance,Agent 06,Resolved,6.7,Met,4
INC10472,21-04-2026,Network,Medium,HR,Agent 03,Resolved,13.5,Met,3
INC10031,21-04-2026,Email,Medium,Sales,Agent 19,Resolved,9.1,Met,4
INC12188,21-04-2026,Access,High,IT,Agent 17,Resolved,6.7,Met,5
INC10912,21-04-2026,Software,Medium,HR,Agent 13,Resolved,25.8,Breached,5
INC12571,21-04-2026,Access,High,IT,Agent 20,Resolved,6.9,Met,4
INC13071,22-04-2026,Network,Low,Customer Service,Agent 07,Resolved,17.6,Met,4
INC13156,22-04-2026,Email,Low,HR,Agent 15,Reopened,21.2,Met,4
INC10892,22-04-2026,Security,High,Customer Service,Agent 07,Resolved,7.1,Met,4
INC10058,22-04-2026,Email,Medium,IT,Agent 03,Resolved,6.1,Met,4
INC12324,22-04-2026,Software,High,Finance,Agent 20,Resolved,1.3,Met,3
INC10251,22-04-2026,Email,Medium,IT,Agent 15,Resolved,9.8,Met,4
INC11073,22-04-2026,Security,Low,Marketing,Agent 11,Resolved,29.7,Met,5
INC11699,22-04-2026,Access,Medium,Finance,Agent 13,Resolved,37.3,Breached,4
INC10281,22-04-2026,Access,Low,Customer Service,Agent 06,Resolved,32.8,Met,3
INC14467,23-04-2026,Hardware,Medium,Operations,Agent 16,Resolved,8.8,Met,4
INC11434,23-04-2026,Network,Medium,Finance,Agent 17,Resolved,21.3,Met,4
INC10790,23-04-2026,Security,Medium,Marketing,Agent 18,Resolved,3.6,Met,5
INC14758,24-04-2026,Software,Low,Operations,Agent 02,Resolved,7.3,Met,5
INC12488,24-04-2026,Hardware,Medium,IT,Agent 18,Resolved,6.9,Met,2
INC14558,25-04-2026,Database,Medium,Marketing,Agent 13,Resolved,14,Met,4
INC14310,25-04-2026,Security,Medium,Finance,Agent 09,Resolved,10.5,Met,5
INC13048,25-04-2026,Hardware,High,Customer Service,Agent 09,Reopened,6.3,Met,5
INC13254,25-04-2026,Hardware,Critical,IT,Agent 19,Reopened,7.7,Breached,3
INC12339,25-04-2026,Software,Critical,HR,Agent 07,Resolved,4.1,Breached,5
INC13523,25-04-2026,Access,Medium,Finance,Agent 19,Resolved,5.4,Met,4
INC12602,25-04-2026,Access,High,Marketing,Agent 06,Resolved,2.9,Met,5
INC14413,25-04-2026,Email,Medium,Sales,Agent 03,Resolved,12.7,Met,4
INC13792,26-04-2026,Software,Medium,Finance,Agent 09,Resolved,17.9,Met,5
INC13199,26-04-2026,Software,Medium,Sales,Agent 12,Resolved,6.6,Met,5
INC13832,26-04-2026,Email,Low,Customer Service,Agent 01,Resolved,20.1,Met,5
INC10592,26-04-2026,Security,High,Finance,Agent 16,Resolved,3.4,Met,3
INC11727,26-04-2026,Hardware,High,IT,Agent 07,Resolved,8.6,Met,5
INC14742,26-04-2026,Database,Critical,Operations,Agent 17,Resolved,3.5,Met,3
INC12061,26-04-2026,Email,Medium,HR,Agent 15,Resolved,10.2,Met,3
INC14625,26-04-2026,Network,Medium,IT,Agent 03,Resolved,5.8,Met,5
INC11274,27-04-2026,Network,High,IT,Agent 08,Resolved,9.8,Met,5
INC14854,27-04-2026,Database,High,Operations,Agent 04,Reopened,5.8,Met,5
INC11021,27-04-2026,Database,High,HR,Agent 16,Resolved,12.4,Breached,5
INC13462,27-04-2026,Network,High,Marketing,Agent 10,Resolved,5.2,Met,3
INC14949,27-04-2026,Hardware,Low,IT,Agent 17,Resolved,73.5,Breached,5
INC11649,28-04-2026,Software,Low,IT,Agent 05,Resolved,29.4,Met,5
INC11994,28-04-2026,Network,Medium,Finance,Agent 02,Resolved,22.9,Met,5
INC11824,28-04-2026,Hardware,Medium,Customer Service,Agent 06,Resolved,26.8,Breached,4
INC11774,28-04-2026,Software,Medium,Customer Service,Agent 12,Reopened,11.9,Met,4
INC14135,28-04-2026,Access,Medium,HR,Agent 08,Reopened,30.3,Breached,3
INC13107,28-04-2026,Hardware,Medium,IT,Agent 06,Resolved,8.1,Met,5
INC14666,28-04-2026,Database,Critical,Finance,Agent 04,Resolved,5.4,Breached,4
INC12260,28-04-2026,Software,High,IT,Agent 12,Resolved,14.1,Breached,4
INC10420,29-04-2026,Access,Medium,Sales,Agent 18,Reopened,14.2,Met,5
INC12683,29-04-2026,Email,High,Finance,Agent 15,Resolved,11.7,Met,4
INC11251,29-04-2026,Network,High,Operations,Agent 02,Resolved,13.2,Breached,4
INC14884,29-04-2026,Hardware,Low,Operations,Agent 20,Resolved,55.6,Breached,5
INC12420,30-04-2026,Software,Medium,Operations,Agent 13,Resolved,25.3,Breached,4
INC13477,30-04-2026,Security,High,Sales,Agent 14,Resolved,15,Breached,3
INC13356,30-04-2026,Email,Medium,HR,Agent 12,Resolved,10.6,Met,3
INC12191,30-04-2026,Software,Medium,IT,Agent 16,Resolved,9,Met,4
INC12513,30-04-2026,Network,Low,IT,Agent 14,Resolved,80.1,Breached,1
INC11823,30-04-2026,Security,Medium,Sales,Agent 08,Resolved,5.7,Met,4
INC10111,30-04-2026,Software,High,Marketing,Agent 08,Resolved,23.6,Breached,5
INC14941,30-04-2026,Network,Medium,Operations,Agent 17,Resolved,44.4,Breached,5
INC13671,30-04-2026,Access,High,Finance,Agent 19,Resolved,14.1,Breached,4
INC14786,30-04-2026,Software,Medium,Customer Service,Agent 14,Resolved,44.2,Breached,4
INC10668,30-04-2026,Hardware,Low,Marketing,Agent 06,Resolved,10.6,Met,4
INC12204,01-05-2026,Security,Low,Marketing,Agent 15,Resolved,18.4,Met,4
INC12496,01-05-2026,Software,High,IT,Agent 14,Resolved,9.1,Met,4
INC12232,01-05-2026,Software,Low,Operations,Agent 18,Resolved,9.7,Met,4
INC13704,01-05-2026,Access,High,Customer Service,Agent 03,Resolved,9.8,Met,4
INC12570,02-05-2026,Access,Critical,Sales,Agent 16,Resolved,4.8,Breached,4
INC13784,02-05-2026,Access,Medium,HR,Agent 13,Resolved,16.6,Met,3
INC14050,02-05-2026,Access,High,Customer Service,Agent 09,Resolved,3.8,Met,4
INC14798,02-05-2026,Hardware,High,Finance,Agent 16,Resolved,10.2,Met,3
INC14523,02-05-2026,Email,High,Operations,Agent 14,Resolved,30.1,Breached,5
INC14631,02-05-2026,Access,Low,Sales,Agent 20,Resolved,39.1,Met,5
INC12618,03-05-2026,Software,Medium,IT,Agent 01,Resolved,18.7,Met,4
INC11936,03-05-2026,Access,High,Operations,Agent 12,Resolved,17,Breached,3
INC10562,03-05-2026,Email,High,Sales,Agent 14,Resolved,13,Breached,2
INC12764,03-05-2026,Database,High,Customer Service,Agent 18,Resolved,29.4,Breached,5
INC13749,03-05-2026,Database,High,Customer Service,Agent 14,Resolved,8.4,Met,5
INC11924,03-05-2026,Hardware,High,IT,Agent 20,Reopened,27.6,Breached,3
INC10183,04-05-2026,Email,Low,Sales,Agent 10,Resolved,13.6,Met,4
INC12823,04-05-2026,Access,Low,Operations,Agent 07,Resolved,20.4,Met,5
INC14489,04-05-2026,Hardware,Medium,Operations,Agent 11,Resolved,16.3,Met,4
INC12865,04-05-2026,Access,High,Marketing,Agent 18,Resolved,10.8,Met,2
INC11280,04-05-2026,Hardware,Low,Sales,Agent 10,Resolved,38.4,Met,3
INC13057,04-05-2026,Access,Low,Sales,Agent 13,Resolved,25.5,Met,5
INC12531,04-05-2026,Database,Medium,Operations,Agent 19,Resolved,26.6,Breached,4
INC11060,04-05-2026,Software,Medium,IT,Agent 09,Resolved,12.8,Met,5
INC11078,05-05-2026,Access,Medium,HR,Agent 18,Reopened,10.9,Met,5
INC14204,05-05-2026,Database,Medium,Finance,Agent 10,Resolved,26,Breached,5
INC11160,05-05-2026,Access,Medium,Marketing,Agent 15,Resolved,10.5,Met,5
INC13487,05-05-2026,Access,Medium,IT,Agent 10,Resolved,12.4,Met,5
INC13716,05-05-2026,Access,High,Customer Service,Agent 15,Resolved,5,Met,5
INC14113,05-05-2026,Network,Medium,HR,Agent 12,Resolved,5.3,Met,5
INC13278,05-05-2026,Email,Medium,Finance,Agent 05,Resolved,2.8,Met,5
INC14248,05-05-2026,Network,Medium,Operations,Agent 10,Resolved,17.3,Met,3
INC14449,05-05-2026,Software,Medium,Finance,Agent 10,Resolved,4.1,Met,5
INC14751,06-05-2026,Database,Low,HR,Agent 07,Resolved,13,Met,5
INC11996,06-05-2026,Network,Low,Finance,Agent 05,Resolved,37.2,Met,5
INC14733,06-05-2026,Network,High,HR,Agent 02,Resolved,21,Breached,4
INC11901,06-05-2026,Software,Medium,Operations,Agent 06,Resolved,27.9,Breached,5
INC14018,06-05-2026,Software,Medium,IT,Agent 15,Resolved,7.4,Met,4
INC14686,06-05-2026,Access,Low,IT,Agent 16,Resolved,11.3,Met,5
INC12843,07-05-2026,Software,Medium,Sales,Agent 11,Resolved,17.1,Met,4
INC14825,07-05-2026,Hardware,Low,Finance,Agent 05,Resolved,24.5,Met,3
INC13891,07-05-2026,Email,High,Finance,Agent 10,Resolved,5.5,Met,4
INC14244,08-05-2026,Security,High,Sales,Agent 05,Resolved,4.8,Met,4
INC10073,08-05-2026,Access,Medium,Finance,Agent 16,Resolved,17.3,Met,4
INC10382,08-05-2026,Network,Low,Operations,Agent 17,Resolved,7.2,Met,1
INC13249,08-05-2026,Access,Low,Operations,Agent 02,Resolved,37.4,Met,5
INC12887,08-05-2026,Network,High,Marketing,Agent 16,Resolved,3.4,Met,5
INC11097,08-05-2026,Access,Medium,Sales,Agent 03,Resolved,20.7,Met,5
INC11146,08-05-2026,Hardware,High,HR,Agent 08,Resolved,13,Breached,5
INC14807,08-05-2026,Hardware,Medium,Sales,Agent 18,Resolved,39.8,Breached,5
INC13850,08-05-2026,Software,Low,HR,Agent 04,Resolved,4.8,Met,3
INC14114,09-05-2026,Security,Medium,Sales,Agent 12,Resolved,8.8,Met,4
INC13663,09-05-2026,Security,High,Operations,Agent 05,Resolved,3.4,Met,3
INC12329,09-05-2026,Network,High,Operations,Agent 06,Resolved,1.6,Met,4
INC14603,09-05-2026,Access,Medium,Finance,Agent 16,Resolved,5.1,Met,4
INC12988,09-05-2026,Network,High,Marketing,Agent 15,Resolved,11.5,Met,5
INC12397,09-05-2026,Software,Medium,Marketing,Agent 07,Resolved,6.8,Met,3
INC11601,09-05-2026,Email,Medium,IT,Agent 17,Resolved,26.9,Breached,5
INC10973,09-05-2026,Software,High,IT,Agent 06,Resolved,1.4,Met,5
INC12144,09-05-2026,Email,Medium,Customer Service,Agent 09,Resolved,22.1,Met,2
INC11809,09-05-2026,Software,Low,Sales,Agent 05,Resolved,21.9,Met,5
INC13881,09-05-2026,Software,High,Sales,Agent 08,Resolved,8.6,Met,5
INC13970,10-05-2026,Hardware,High,Marketing,Agent 12,Resolved,18.1,Breached,5
INC12920,10-05-2026,Security,High,IT,Agent 06,Resolved,8.2,Met,4
INC14111,10-05-2026,Access,Medium,Operations,Agent 14,Resolved,11.8,Met,2
INC11335,10-05-2026,Security,Medium,Operations,Agent 03,Resolved,5.3,Met,5
INC14323,10-05-2026,Email,Low,HR,Agent 16,Resolved,32,Met,5
INC11506,10-05-2026,Network,High,Sales,Agent 14,Resolved,5.9,Met,5
INC14641,10-05-2026,Network,High,IT,Agent 07,Resolved,19.9,Breached,5
INC11522,10-05-2026,Hardware,Medium,Marketing,Agent 16,Resolved,16.7,Met,4
INC13351,10-05-2026,Network,Critical,Finance,Agent 11,Resolved,1.6,Met,4
INC10449,11-05-2026,Security,Medium,IT,Agent 03,Resolved,6.3,Met,5
INC12741,11-05-2026,Hardware,High,Operations,Agent 03,Resolved,9.2,Met,1
INC13988,11-05-2026,Hardware,Low,Operations,Agent 06,Resolved,63.4,Breached,5
INC14583,11-05-2026,Hardware,Low,Finance,Agent 07,Resolved,14.3,Met,3
INC10360,12-05-2026,Network,Critical,Finance,Agent 13,Reopened,9.4,Breached,5
INC12539,12-05-2026,Database,Low,Sales,Agent 05,Resolved,42.7,Met,5
INC11567,12-05-2026,Software,High,HR,Agent 08,Resolved,5.5,Met,3
INC11047,12-05-2026,Software,High,Finance,Agent 19,Reopened,4.5,Met,3
INC13803,12-05-2026,Access,High,IT,Agent 02,Resolved,7.5,Met,5
INC10259,12-05-2026,Access,Low,Finance,Agent 03,Resolved,51.4,Breached,3
INC11947,12-05-2026,Software,Medium,Sales,Agent 15,Reopened,26.2,Breached,5
INC11476,12-05-2026,Network,Medium,Finance,Agent 08,Resolved,16,Met,4
INC11586,13-05-2026,Security,High,Sales,Agent 07,Resolved,20.5,Breached,3
INC14713,13-05-2026,Network,Medium,IT,Agent 03,Resolved,11.3,Met,3
INC11035,13-05-2026,Email,High,Operations,Agent 08,Resolved,11.9,Met,5
INC14740,14-05-2026,Access,Medium,Operations,Agent 10,Resolved,9.1,Met,4
INC11899,14-05-2026,Access,Low,Finance,Agent 18,Resolved,41.9,Met,5
INC13362,14-05-2026,Access,Medium,Operations,Agent 12,Resolved,16.1,Met,2
INC13422,14-05-2026,Network,Medium,HR,Agent 14,Resolved,23.5,Met,4
INC13559,14-05-2026,Network,Medium,Operations,Agent 03,Resolved,38.1,Breached,4
INC10375,14-05-2026,Hardware,Medium,Marketing,Agent 18,Resolved,18.1,Met,4
INC12946,14-05-2026,Software,Medium,Finance,Agent 19,Resolved,14.6,Met,4
INC12546,14-05-2026,Software,Low,Operations,Agent 11,Resolved,50.8,Breached,5
INC14998,14-05-2026,Network,Medium,Operations,Agent 07,Resolved,13.2,Met,4
INC12585,14-05-2026,Network,Critical,Marketing,Agent 03,Resolved,14.9,Breached,5
INC14435,15-05-2026,Software,High,Operations,Agent 07,Resolved,2.3,Met,4
INC10787,15-05-2026,Access,Medium,IT,Agent 17,Resolved,10.8,Met,5
INC12079,15-05-2026,Software,High,Marketing,Agent 09,Resolved,10.6,Met,5
INC10956,15-05-2026,Hardware,Medium,Finance,Agent 13,Resolved,24.6,Breached,4
INC11725,15-05-2026,Network,Low,Customer Service,Agent 02,Resolved,73.2,Breached,4
INC10452,15-05-2026,Access,Medium,Customer Service,Agent 07,Resolved,27.8,Breached,5
INC13475,15-05-2026,Hardware,Medium,Marketing,Agent 14,Resolved,22.7,Met,2
INC12041,15-05-2026,Access,High,Marketing,Agent 10,Resolved,3.2,Met,4
INC13124,15-05-2026,Access,Low,Operations,Agent 03,Resolved,22.5,Met,4
INC12803,16-05-2026,Software,Medium,Operations,Agent 14,Resolved,23.8,Met,5
INC10381,16-05-2026,Software,High,Customer Service,Agent 03,Resolved,8.6,Met,1
INC11025,16-05-2026,Access,Medium,Customer Service,Agent 15,Resolved,17.8,Met,4
INC10868,16-05-2026,Hardware,Critical,Sales,Agent 01,Resolved,2.6,Met,5
INC12289,16-05-2026,Network,High,Operations,Agent 17,Resolved,9.6,Met,5
INC12798,17-05-2026,Software,Medium,Operations,Agent 16,Resolved,24.3,Breached,2
INC14904,17-05-2026,Access,Medium,Sales,Agent 01,Reopened,16.9,Met,4
INC14654,17-05-2026,Software,Medium,HR,Agent 03,Resolved,12.5,Met,5
INC11442,17-05-2026,Security,Low,Marketing,Agent 11,Resolved,66.5,Breached,2
INC10520,17-05-2026,Network,Medium,Customer Service,Agent 20,Resolved,15.7,Met,3
INC10901,17-05-2026,Software,Medium,Customer Service,Agent 09,Resolved,1.3,Met,4
INC12736,17-05-2026,Access,High,Operations,Agent 12,Resolved,13.3,Breached,5
INC14926,17-05-2026,Hardware,High,Finance,Agent 02,Resolved,7.4,Met,3
INC10702,18-05-2026,Software,Critical,Finance,Agent 16,Resolved,4.9,Breached,5
INC10780,18-05-2026,Software,Low,IT,Agent 19,Resolved,13.3,Met,4
INC14127,18-05-2026,Network,Medium,Marketing,Agent 19,Resolved,23.6,Met,4
INC14720,18-05-2026,Access,Low,IT,Agent 05,Resolved,40.9,Met,3
INC13952,18-05-2026,Access,Low,Finance,Agent 16,Resolved,15.7,Met,2
INC13269,18-05-2026,Email,High,IT,Agent 07,Resolved,9.4,Met,5
INC10103,18-05-2026,Email,Medium,Finance,Agent 08,Resolved,37.6,Breached,3
INC12817,19-05-2026,Database,High,Finance,Agent 12,Resolved,0.9,Met,4
INC10719,19-05-2026,Hardware,Low,Customer Service,Agent 01,Resolved,47.7,Met,4
INC13037,19-05-2026,Security,High,IT,Agent 02,Resolved,3.5,Met,4
INC13538,19-05-2026,Access,Low,HR,Agent 02,Resolved,18.7,Met,5
INC12184,19-05-2026,Network,Medium,Operations,Agent 17,Resolved,12.2,Met,5
INC10222,19-05-2026,Software,Medium,HR,Agent 19,Reopened,17.5,Met,2
INC13464,19-05-2026,Software,Critical,Marketing,Agent 07,Resolved,4.8,Breached,4
INC11445,19-05-2026,Email,Critical,Sales,Agent 08,Resolved,5.1,Breached,4
INC14051,19-05-2026,Access,Low,IT,Agent 02,Reopened,3.4,Met,5
INC13275,19-05-2026,Security,High,HR,Agent 06,Reopened,12,Met,5
INC14084,19-05-2026,Network,Critical,HR,Agent 15,Resolved,11.2,Breached,5
INC12989,20-05-2026,Security,Critical,Sales,Agent 20,Resolved,14.7,Breached,3
INC10034,20-05-2026,Database,Medium,IT,Agent 16,Resolved,8,Met,5
INC10479,20-05-2026,Hardware,Critical,HR,Agent 08,Resolved,9.9,Breached,5
INC12354,20-05-2026,Network,Low,Operations,Agent 02,Resolved,31.4,Met,4
INC11882,20-05-2026,Access,Medium,Sales,Agent 20,Resolved,23.7,Met,4
INC12454,20-05-2026,Security,Low,IT,Agent 06,Resolved,18,Met,5
INC14277,20-05-2026,Access,Low,Sales,Agent 03,Reopened,16.2,Met,5
INC12078,20-05-2026,Access,Low,Customer Service,Agent 13,Resolved,17.3,Met,5
INC13419,20-05-2026,Network,Low,Finance,Agent 20,Resolved,30.2,Met,4
INC10957,21-05-2026,Network,Low,Finance,Agent 19,Resolved,45,Met,4
INC14444,21-05-2026,Hardware,High,Sales,Agent 02,Resolved,13.3,Breached,4
INC10285,21-05-2026,Network,Medium,Marketing,Agent 13,Resolved,16.2,Met,4
INC10412,21-05-2026,Email,High,Finance,Agent 19,Resolved,3.7,Met,5
INC11152,21-05-2026,Database,Low,Finance,Agent 17,Resolved,26.8,Met,4
INC13845,21-05-2026,Hardware,Medium,Customer Service,Agent 04,Resolved,10.8,Met,5
INC10124,21-05-2026,Software,High,Finance,Agent 03,Resolved,3.4,Met,4
INC12220,21-05-2026,Access,Medium,Marketing,Agent 01,Resolved,27.5,Breached,5
INC12291,22-05-2026,Email,Medium,Sales,Agent 18,Resolved,18.5,Met,5
INC11019,22-05-2026,Security,Medium,Customer Service,Agent 02,Reopened,32.9,Breached,4
INC13452,22-05-2026,Security,Low,Sales,Agent 06,Resolved,77.8,Breached,4
INC11297,22-05-2026,Email,Medium,HR,Agent 13,Resolved,9.7,Met,4
INC14440,22-05-2026,Hardware,High,Finance,Agent 17,Resolved,6.2,Met,5
INC13235,22-05-2026,Database,Low,IT,Agent 20,Resolved,25.7,Met,3
INC12850,22-05-2026,Access,High,HR,Agent 06,Resolved,2.4,Met,5
INC14793,23-05-2026,Software,Medium,Operations,Agent 07,Resolved,7.4,Met,3
INC13560,23-05-2026,Network,Medium,HR,Agent 15,Resolved,8.9,Met,5
INC13205,23-05-2026,Network,High,IT,Agent 08,Resolved,13.9,Breached,4
INC10663,23-05-2026,Hardware,Medium,IT,Agent 02,Resolved,13.1,Met,4
INC12187,23-05-2026,Network,High,Operations,Agent 05,Resolved,12.6,Breached,5
INC12660,23-05-2026,Access,Medium,Customer Service,Agent 06,Resolved,5,Met,3
INC14341,23-05-2026,Hardware,Medium,Customer Service,Agent 08,Resolved,2.9,Met,5
INC12305,23-05-2026,Hardware,Critical,Marketing,Agent 09,Resolved,3.2,Met,1
INC14731,23-05-2026,Software,Medium,Sales,Agent 03,Resolved,8.4,Met,5
INC14787,24-05-2026,Hardware,Medium,Customer Service,Agent 04,Resolved,25.3,Breached,4
INC11726,24-05-2026,Software,Medium,IT,Agent 13,Resolved,22.6,Met,5
INC13280,24-05-2026,Network,Medium,Operations,Agent 02,Resolved,2.6,Met,3
INC13068,24-05-2026,Hardware,Medium,Operations,Agent 11,Reopened,9.8,Met,4
INC11658,24-05-2026,Email,Medium,IT,Agent 15,Resolved,31.9,Breached,2
INC13901,25-05-2026,Database,High,Finance,Agent 04,Resolved,11.8,Met,4
INC11851,25-05-2026,Network,Low,Customer Service,Agent 19,Resolved,32.7,Met,5
INC10213,25-05-2026,Hardware,Low,Sales,Agent 11,Resolved,22.3,Met,4
INC14339,26-05-2026,Hardware,Medium,HR,Agent 04,Resolved,16.9,Met,4
INC13647,26-05-2026,Hardware,Medium,Finance,Agent 15,Resolved,9.9,Met,1
INC11481,26-05-2026,Software,Medium,Marketing,Agent 15,Resolved,5.8,Met,5
INC13021,26-05-2026,Access,High,Finance,Agent 10,Resolved,7.4,Met,3
INC13603,26-05-2026,Network,Low,Marketing,Agent 12,Resolved,12,Met,4
INC12591,26-05-2026,Access,Low,Marketing,Agent 12,Resolved,16.8,Met,4
INC10030,26-05-2026,Hardware,Critical,IT,Agent 18,Resolved,4.6,Breached,5
INC10545,26-05-2026,Email,Medium,Sales,Agent 11,Resolved,6.3,Met,2
INC13899,26-05-2026,Database,High,Sales,Agent 07,Resolved,16.5,Breached,5
INC11004,27-05-2026,Database,High,IT,Agent 17,Resolved,40.7,Breached,5
INC13295,27-05-2026,Email,Medium,Customer Service,Agent 20,Resolved,13.5,Met,5
INC12930,27-05-2026,Access,Medium,Marketing,Agent 19,Resolved,15.4,Met,5
INC11421,27-05-2026,Hardware,High,Marketing,Agent 18,Resolved,5.5,Met,4
INC10246,27-05-2026,Network,High,IT,Agent 17,Resolved,18.8,Breached,4
INC10756,28-05-2026,Software,High,IT,Agent 19,Resolved,9.5,Met,4
INC14968,28-05-2026,Access,High,HR,Agent 08,Resolved,16.8,Breached,5
INC10322,28-05-2026,Hardware,High,Operations,Agent 05,Resolved,8.5,Met,2
INC14459,28-05-2026,Email,Low,Finance,Agent 18,Resolved,41.6,Met,5
INC12437,29-05-2026,Software,Low,HR,Agent 08,Resolved,6.5,Met,4
INC13962,29-05-2026,Access,Low,IT,Agent 15,Resolved,29.2,Met,4
INC12147,29-05-2026,Software,Medium,Operations,Agent 20,Resolved,4.9,Met,5
INC10945,29-05-2026,Software,Medium,IT,Agent 01,Resolved,17.3,Met,4
INC13504,29-05-2026,Network,High,Customer Service,Agent 04,Resolved,8.1,Met,4
INC12038,30-05-2026,Network,Medium,Customer Service,Agent 13,Resolved,5.2,Met,4
INC11991,30-05-2026,Network,Critical,Finance,Agent 02,Resolved,3.3,Met,3
INC11708,30-05-2026,Software,Medium,Customer Service,Agent 12,Resolved,19.9,Met,4
INC13573,30-05-2026,Network,Critical,Finance,Agent 18,Resolved,2.3,Met,4
INC13017,30-05-2026,Access,Medium,Sales,Agent 19,Resolved,9,Met,4
INC13078,30-05-2026,Email,Low,Operations,Agent 05,Resolved,34.6,Met,5
INC11386,30-05-2026,Network,High,Finance,Agent 07,Resolved,11.7,Met,4
INC14090,30-05-2026,Network,Low,Finance,Agent 05,Resolved,37.2,Met,4
INC11092,31-05-2026,Network,Low,Operations,Agent 14,Resolved,21.9,Met,2
INC10243,31-05-2026,Access,Low,Marketing,Agent 01,Resolved,49,Breached,4
INC12269,31-05-2026,Network,Medium,Finance,Agent 01,Resolved,36.4,Breached,5
INC14760,31-05-2026,Software,Critical,HR,Agent 13,Resolved,13,Breached,4
INC12035,31-05-2026,Software,Medium,IT,Agent 16,Resolved,8.4,Met,5
INC14461,31-05-2026,Hardware,Medium,Sales,Agent 09,Reopened,4.2,Met,5
INC11521,01-06-2026,Email,High,Operations,Agent 14,Reopened,2.8,Met,5
INC12561,01-06-2026,Software,Low,HR,Agent 01,Resolved,135,Breached,5
INC11154,01-06-2026,Network,High,Finance,Agent 17,Resolved,4.4,Met,4
INC12572,01-06-2026,Network,High,Operations,Agent 18,Reopened,8,Met,5
INC13135,01-06-2026,Hardware,Medium,IT,Agent 09,Resolved,8.7,Met,5
INC13533,01-06-2026,Network,Medium,Finance,Agent 03,Resolved,13.4,Met,3
INC11679,01-06-2026,Security,Low,Operations,Agent 06,Resolved,10.6,Met,4
INC12146,01-06-2026,Software,Low,Marketing,Agent 07,Resolved,29.4,Met,4
INC11714,01-06-2026,Hardware,Medium,Customer Service,Agent 06,Resolved,26.3,Breached,5
INC14199,01-06-2026,Software,Medium,Sales,Agent 15,Resolved,6.1,Met,4
INC11795,01-06-2026,Network,Medium,IT,Agent 10,Resolved,5,Met,4
INC10548,02-06-2026,Hardware,Critical,Finance,Agent 03,Resolved,4.3,Breached,4
INC10254,02-06-2026,Network,Critical,Operations,Agent 01,Resolved,13.4,Breached,5
INC13166,02-06-2026,Access,Medium,Operations,Agent 09,Resolved,55.7,Breached,4
INC13436,02-06-2026,Email,High,Customer Service,Agent 09,Resolved,13.5,Breached,3
INC12883,02-06-2026,Software,High,IT,Agent 09,Resolved,12.8,Breached,1
INC14629,02-06-2026,Software,Medium,Sales,Agent 16,Resolved,7.6,Met,5
INC14843,02-06-2026,Software,Critical,Marketing,Agent 05,Resolved,9.5,Breached,4
INC14568,02-06-2026,Network,High,HR,Agent 09,Resolved,41.1,Breached,4
INC11070,03-06-2026,Software,Low,Finance,Agent 04,Resolved,50.8,Breached,3
INC14829,03-06-2026,Email,High,Finance,Agent 04,Resolved,7.9,Met,3
INC13118,03-06-2026,Software,Medium,Sales,Agent 10,Resolved,8.4,Met,5
INC10438,03-06-2026,Software,Medium,HR,Agent 01,Resolved,7.9,Met,5
INC12112,03-06-2026,Email,Medium,Finance,Agent 02,Resolved,15.9,Met,5
INC14875,03-06-2026,Software,Medium,Marketing,Agent 09,Resolved,58.7,Breached,3
INC12806,03-06-2026,Software,Low,Marketing,Agent 13,Resolved,48.8,Breached,3
INC11825,03-06-2026,Hardware,Medium,IT,Agent 04,Resolved,25.7,Breached,5
INC13639,03-06-2026,Email,Medium,IT,Agent 16,Resolved,25.9,Breached,3
INC12914,04-06-2026,Database,Low,Operations,Agent 05,Resolved,46.2,Met,3
INC10614,04-06-2026,Network,High,Marketing,Agent 19,Resolved,23.2,Breached,2
INC12559,04-06-2026,Software,Low,Finance,Agent 11,Resolved,72.9,Breached,3
INC12885,04-06-2026,Email,High,IT,Agent 10,Resolved,25,Breached,3
INC11432,04-06-2026,Network,Medium,Sales,Agent 05,Resolved,14.6,Met,4
INC12207,04-06-2026,Security,Medium,Customer Service,Agent 01,Resolved,7.7,Met,5
INC14574,04-06-2026,Network,Low,Sales,Agent 09,Resolved,33.5,Met,3
INC11310,04-06-2026,Email,Medium,IT,Agent 17,Resolved,35.6,Breached,5
INC14157,04-06-2026,Database,High,IT,Agent 05,Resolved,18.4,Breached,4
INC14472,04-06-2026,Email,Medium,Operations,Agent 04,Resolved,16.3,Met,5
INC11634,05-06-2026,Network,Medium,Finance,Agent 19,Resolved,8.8,Met,3
INC10966,05-06-2026,Email,High,Finance,Agent 01,Resolved,9.3,Met,5
INC11157,05-06-2026,Security,Critical,IT,Agent 06,Resolved,0.5,Met,4
INC14783,05-06-2026,Email,Medium,HR,Agent 13,Resolved,21.1,Met,5
INC13047,05-06-2026,Software,Low,Finance,Agent 09,Resolved,25.9,Met,5
INC11323,05-06-2026,Software,Medium,IT,Agent 19,Resolved,14.3,Met,5
INC10800,06-06-2026,Network,High,Sales,Agent 11,Resolved,9.7,Met,5
INC11932,06-06-2026,Hardware,High,Marketing,Agent 06,Resolved,42.4,Breached,5
INC14276,06-06-2026,Software,Medium,Marketing,Agent 17,Resolved,12.9,Met,4
INC10350,06-06-2026,Security,Medium,Sales,Agent 18,Resolved,25.8,Breached,4
INC14417,07-06-2026,Access,Medium,IT,Agent 11,Resolved,22.7,Met,4
INC12893,07-06-2026,Access,Critical,IT,Agent 09,Resolved,2.7,Met,3
INC14124,07-06-2026,Hardware,Medium,IT,Agent 12,Resolved,16.2,Met,5
INC14389,07-06-2026,Email,Medium,Sales,Agent 09,Resolved,16.3,Met,5
INC14533,07-06-2026,Access,Medium,Marketing,Agent 14,Resolved,18.3,Met,1
INC10946,07-06-2026,Security,Low,Sales,Agent 15,Resolved,69.5,Breached,5
INC12730,07-06-2026,Database,High,Sales,Agent 16,Resolved,9.1,Met,2
INC11302,08-06-2026,Database,High,IT,Agent 07,Resolved,3.4,Met,2
INC11227,08-06-2026,Network,High,IT,Agent 12,Reopened,11,Met,5
INC14514,08-06-2026,Network,Medium,Operations,Agent 16,Resolved,10.5,Met,5
INC12211,08-06-2026,Network,Medium,IT,Agent 09,Resolved,8.3,Met,4
INC11256,08-06-2026,Security,Medium,IT,Agent 12,Resolved,6.2,Met,4
INC11042,08-06-2026,Software,Medium,Operations,Agent 10,Resolved,14,Met,3
INC14288,08-06-2026,Hardware,Medium,Marketing,Agent 07,Resolved,9.1,Met,5
INC13105,09-06-2026,Software,Low,Operations,Agent 05,Resolved,27.1,Met,4
INC10284,09-06-2026,Hardware,Medium,Marketing,Agent 16,Resolved,13.1,Met,4
INC13729,09-06-2026,Database,Medium,Customer Service,Agent 18,Resolved,27.9,Breached,4
INC12779,09-06-2026,Email,Critical,Operations,Agent 06,Resolved,9.2,Breached,5
INC14774,09-06-2026,Software,Medium,IT,Agent 09,Resolved,20.3,Met,5
INC13788,09-06-2026,Email,Low,Customer Service,Agent 13,Resolved,41.5,Met,4
INC10658,10-06-2026,Network,High,Finance,Agent 09,Resolved,11.3,Met,5
INC14012,10-06-2026,Hardware,Low,Sales,Agent 04,Resolved,51.2,Breached,5
INC10965,10-06-2026,Hardware,Low,HR,Agent 16,Resolved,20.3,Met,5
INC10774,10-06-2026,Software,High,IT,Agent 13,Resolved,13.4,Breached,5
INC11756,10-06-2026,Access,Medium,Operations,Agent 07,Resolved,7.3,Met,3
INC12349,11-06-2026,Database,Low,IT,Agent 19,Resolved,48.9,Breached,4
INC14287,11-06-2026,Hardware,High,Operations,Agent 05,Resolved,12.8,Breached,4
INC11090,11-06-2026,Security,Medium,IT,Agent 18,Reopened,17.3,Met,2
INC11317,11-06-2026,Security,Medium,Sales,Agent 14,Resolved,4.9,Met,5
INC14320,11-06-2026,Access,Medium,Finance,Agent 06,Resolved,15.3,Met,4
INC13266,12-06-2026,Software,Medium,HR,Agent 11,Resolved,33.4,Breached,4
INC14954,12-06-2026,Network,Medium,IT,Agent 08,Resolved,2.5,Met,3
INC12647,12-06-2026,Hardware,Medium,Operations,Agent 14,Resolved,29.8,Breached,4
INC13036,12-06-2026,Network,Medium,IT,Agent 17,Resolved,19.1,Met,4
INC14738,12-06-2026,Network,Medium,Customer Service,Agent 18,Resolved,19.9,Met,5
INC12750,12-06-2026,Network,Medium,Sales,Agent 17,Resolved,17,Met,3
INC13494,12-06-2026,Software,Low,HR,Agent 20,Resolved,18.7,Met,3
INC14671,12-06-2026,Security,High,IT,Agent 14,Resolved,6.9,Met,3
INC14486,13-06-2026,Hardware,Medium,Sales,Agent 08,Resolved,32.7,Breached,5
INC12393,13-06-2026,Software,Critical,Finance,Agent 06,Resolved,4.1,Breached,5
INC12576,13-06-2026,Email,Low,IT,Agent 17,Resolved,8.9,Met,4
INC13986,13-06-2026,Access,Medium,IT,Agent 02,Resolved,1.4,Met,4
INC12841,13-06-2026,Network,Medium,Sales,Agent 16,Resolved,7.3,Met,5
INC12143,13-06-2026,Access,High,Customer Service,Agent 07,Resolved,15.8,Breached,3
INC10863,13-06-2026,Network,Medium,HR,Agent 17,Resolved,21.5,Met,5
INC13946,14-06-2026,Security,High,IT,Agent 12,Resolved,5.4,Met,4
INC13293,14-06-2026,Security,High,Customer Service,Agent 19,Reopened,10,Met,4
INC14096,14-06-2026,Database,High,Marketing,Agent 12,Resolved,4.4,Met,5
INC14307,14-06-2026,Software,High,Customer Service,Agent 05,Resolved,5.6,Met,5
INC11949,14-06-2026,Software,High,IT,Agent 15,Resolved,5,Met,4
INC14239,15-06-2026,Access,High,Operations,Agent 16,Resolved,3,Met,4
INC11668,15-06-2026,Email,Medium,Sales,Agent 04,Resolved,35.5,Breached,5
INC10731,16-06-2026,Software,Critical,Sales,Agent 03,Resolved,1,Met,4
INC10951,16-06-2026,Software,High,IT,Agent 20,Resolved,14.6,Breached,4
INC13445,16-06-2026,Email,High,Operations,Agent 06,Resolved,20.4,Breached,3
INC12162,16-06-2026,Network,High,IT,Agent 06,Resolved,24.5,Breached,4
INC11416,16-06-2026,Network,Medium,Operations,Agent 04,Resolved,47.3,Breached,5
INC10494,16-06-2026,Security,Low,HR,Agent 11,Resolved,2,Met,5
INC11786,16-06-2026,Access,Medium,IT,Agent 08,Resolved,9.8,Met,5
INC13622,16-06-2026,Access,Medium,Sales,Agent 12,Resolved,9.7,Met,5
INC12353,17-06-2026,Access,Medium,Customer Service,Agent 01,Resolved,22.1,Met,3
INC14702,17-06-2026,Hardware,Critical,Customer Service,Agent 20,Reopened,6.6,Breached,2
INC12542,17-06-2026,Software,High,Customer Service,Agent 20,Resolved,17.8,Breached,2
INC12670,17-06-2026,Access,Medium,Sales,Agent 07,Resolved,5.9,Met,4
INC12273,17-06-2026,Access,Low,IT,Agent 08,Resolved,23.2,Met,4
INC13435,18-06-2026,Software,High,Customer Service,Agent 02,Resolved,3.5,Met,2
INC14262,18-06-2026,Network,High,Customer Service,Agent 09,Resolved,11.1,Met,5
INC14188,18-06-2026,Database,High,Customer Service,Agent 18,Resolved,1.3,Met,4
INC11960,18-06-2026,Access,High,Sales,Agent 11,Resolved,18.5,Breached,3
INC13321,19-06-2026,Software,High,Finance,Agent 11,Resolved,7.1,Met,4
INC11219,19-06-2026,Database,Medium,Marketing,Agent 07,Resolved,4,Met,5
INC12633,19-06-2026,Access,Medium,HR,Agent 15,Resolved,10.9,Met,4
INC13000,20-06-2026,Network,Medium,Finance,Agent 17,Resolved,10.2,Met,4
INC12023,20-06-2026,Access,Medium,IT,Agent 03,Reopened,15.9,Met,1
INC11315,20-06-2026,Software,Medium,Customer Service,Agent 18,Resolved,15.6,Met,5
INC12999,20-06-2026,Access,Medium,Operations,Agent 20,Resolved,11,Met,5
INC11392,21-06-2026,Network,Medium,IT,Agent 04,Resolved,13.3,Met,4
INC12222,21-06-2026,Access,High,Finance,Agent 13,Resolved,13.1,Breached,4
INC11056,21-06-2026,Access,Medium,Operations,Agent 18,Resolved,17.8,Met,5
INC13578,21-06-2026,Software,Low,IT,Agent 16,Reopened,13.6,Met,2
INC11180,21-06-2026,Network,Critical,IT,Agent 09,Resolved,3.7,Met,5
INC10676,21-06-2026,Software,Medium,Operations,Agent 13,Resolved,7.7,Met,3
INC13027,21-06-2026,Security,Medium,Sales,Agent 08,Resolved,20.5,Met,4
INC10856,21-06-2026,Database,Medium,Marketing,Agent 10,Resolved,49,Breached,3
INC13898,21-06-2026,Software,Medium,Marketing,Agent 13,Resolved,15.3,Met,4
INC13408,21-06-2026,Network,Critical,Finance,Agent 06,Resolved,1.4,Met,2
INC14851,22-06-2026,Hardware,Critical,IT,Agent 17,Resolved,4.8,Breached,5
INC13631,22-06-2026,Email,Medium,Customer Service,Agent 13,Resolved,3.5,Met,4
INC11273,22-06-2026,Access,Medium,HR,Agent 14,Resolved,12.1,Met,5
INC14426,22-06-2026,Database,Medium,Sales,Agent 03,Resolved,0.9,Met,2
INC11061,22-06-2026,Hardware,High,Finance,Agent 16,Resolved,7.1,Met,1
INC11533,22-06-2026,Access,High,Sales,Agent 18,Resolved,7.5,Met,3
INC11602,23-06-2026,Security,Critical,IT,Agent 01,Resolved,3.7,Met,3
INC13365,24-06-2026,Software,Medium,Sales,Agent 08,Resolved,2.2,Met,3
INC12434,24-06-2026,Email,Low,Sales,Agent 10,Resolved,13,Met,5
INC13682,24-06-2026,Network,High,Operations,Agent 18,Resolved,15,Breached,5
INC13528,24-06-2026,Access,Medium,HR,Agent 12,Resolved,7.6,Met,5
INC12738,24-06-2026,Security,Low,HR,Agent 16,Resolved,37.5,Met,4
INC12359,24-06-2026,Access,Low,HR,Agent 05,Resolved,14.2,Met,5
INC12838,24-06-2026,Software,Medium,Marketing,Agent 15,Resolved,63,Breached,4
INC10518,24-06-2026,Software,Medium,HR,Agent 02,Resolved,8.4,Met,4
INC11900,24-06-2026,Access,Medium,Marketing,Agent 10,Resolved,32.4,Breached,5
INC14423,24-06-2026,Network,Medium,Sales,Agent 19,Resolved,9.8,Met,5
INC14659,24-06-2026,Email,Medium,HR,Agent 20,Resolved,31.3,Breached,1
INC13588,24-06-2026,Security,High,Sales,Agent 14,Resolved,8.3,Met,3
INC12763,24-06-2026,Database,Low,Sales,Agent 03,Resolved,85.1,Breached,4
INC11173,25-06-2026,Hardware,Medium,IT,Agent 12,Resolved,27.7,Breached,2
INC13580,25-06-2026,Access,High,Finance,Agent 17,Resolved,6.3,Met,3
INC14428,25-06-2026,Software,Low,Sales,Agent 01,Resolved,15.9,Met,4
INC13480,25-06-2026,Network,Low,Customer Service,Agent 12,Resolved,8.3,Met,2
INC13412,25-06-2026,Network,Low,Finance,Agent 15,Resolved,11.5,Met,5
INC12788,25-06-2026,Database,Medium,Finance,Agent 08,Resolved,12.3,Met,5
INC10594,26-06-2026,Software,Medium,Marketing,Agent 05,Resolved,13.3,Met,3
INC14754,26-06-2026,Email,Medium,Operations,Agent 01,Resolved,24.8,Breached,4
INC12620,26-06-2026,Access,Critical,HR,Agent 16,Resolved,5.1,Breached,5
INC12512,26-06-2026,Network,Low,HR,Agent 09,Resolved,15.2,Met,5
INC14511,26-06-2026,Access,Medium,Marketing,Agent 01,Resolved,30.4,Breached,4
INC13429,26-06-2026,Software,Low,HR,Agent 06,Resolved,4.3,Met,3
INC14490,26-06-2026,Email,Medium,HR,Agent 03,Resolved,12.6,Met,3
INC11709,26-06-2026,Database,Low,Operations,Agent 15,Resolved,32.3,Met,3
INC12290,26-06-2026,Hardware,High,HR,Agent 12,Resolved,7.1,Met,5
INC11785,27-06-2026,Database,High,Sales,Agent 06,Resolved,13.1,Breached,4
INC12096,27-06-2026,Hardware,Medium,IT,Agent 20,Resolved,10.7,Met,5
INC10709,27-06-2026,Network,Critical,HR,Agent 15,Resolved,7.1,Breached,2
INC13774,28-06-2026,Access,Low,HR,Agent 09,Resolved,20.9,Met,4
INC13328,28-06-2026,Security,Medium,IT,Agent 04,Resolved,1.2,Met,5
INC11944,28-06-2026,Hardware,Medium,Finance,Agent 15,Resolved,24,Met,2
INC14976,28-06-2026,Access,Low,Sales,Agent 17,Resolved,12.2,Met,5
INC12679,28-06-2026,Network,High,Sales,Agent 01,Resolved,11.5,Met,5
INC13088,28-06-2026,Network,Medium,Customer Service,Agent 14,Reopened,19.2,Met,2
INC11337,28-06-2026,Hardware,Medium,IT,Agent 04,Resolved,11.5,Met,5
INC10364,29-06-2026,Network,Critical,Customer Service,Agent 01,Resolved,6.4,Breached,5
INC14745,30-06-2026,Database,Medium,Operations,Agent 09,Resolved,18.5,Met,2
INC10632,30-06-2026,Software,Low,Operations,Agent 05,Resolved,26.5,Met,4
INC14842,30-06-2026,Email,Low,HR,Agent 14,Resolved,9.5,Met,1
INC14918,30-06-2026,Access,Medium,IT,Agent 16,Resolved,10.8,Met,4
INC11103,30-06-2026,Email,Medium,Marketing,Agent 17,Resolved,55.4,Breached,2
INC11852,30-06-2026,Access,Low,Marketing,Agent 14,Resolved,21,Met,1
